user_id,lock_id,sale_datetime,sale_id,make,model,has_trade_in,is_financed,apr,delivery_distance
27416583,23163572,9/14/2022 20:13,1591322,Honda,Civic,1,0,,719
11528490,24043656,9/27/2022 21:28,1592709,Toyota,Tacoma,0,1,0.131,388
28075930,24380774,9/20/2022 20:14,1592345,Jeep,Wrangler,0,0,,350
28563986,24486868,9/15/2022 19:31,1592059,Mercedes-Benz,GLC,0,0,,1057
28591774,24520951,9/11/2022 21:53,1591860,Mercedes-Benz,GLC,1,0,,184
26878689,24595061,9/13/2022 20:16,1591319,Nissan,Leaf,0,0,,1601
28613756,24609598,10/2/2022 21:47,1592703,Mercedes-Benz,E-Class,0,0,,1592
28706743,24649988,9/28/2022 20:46,1592647,Mercedes-Benz,GLC,1,0,,527
28310406,24702977,9/19/2022 13:48,1589979,Mercedes-Benz,S-Class,0,1,0.039,961
28285222,24705930,9/12/2022 22:33,1591323,Tesla,Model 3,1,0,,401
18852597,24728660,9/23/2022 20:34,1590765,Tesla,Model 3,1,0,,319
25656669,24731033,9/27/2022 15:28,1591297,Ram,1500,0,1,0.034,390
24692685,24758722,9/28/2022 1:04,1591320,Mercedes-Benz,GLC,0,1,0.105,828
11316216,24855163,9/14/2022 19:39,1592679,BMW,3 Series,0,0,,1178
4096811,24881797,9/21/2022 13:27,1589453,Chevrolet,Malibu,1,0,,920
28905088,24887574,10/5/2022 16:26,1592333,Tesla,Model 3,0,0,,373
28329454,24889144,9/18/2022 12:19,1592643,Honda,HR-V,1,0,,0
1847057,24903399,9/30/2022 12:41,1592556,Toyota,Corolla,0,0,,1416
28853205,24904476,10/1/2022 22:42,1592095,Hyundai,Sonata,0,1,0.031,775
28907298,24909385,9/9/2022 21:48,1592003,Porsche,Panamera,0,0,,1106
25724421,24910911,9/20/2022 4:07,1590823,Porsche,Panamera,0,0,,1733
28762107,24916767,9/14/2022 17:07,1590313,Toyota,Corolla,1,0,,1045
25633001,24921847,9/13/2022 18:00,1592444,Ford,Mustang,1,0,,0
15044785,24923545,9/30/2022 19:22,1592562,Tesla,Model 3,1,0,,376
28944820,24932042,9/29/2022 16:07,1592631,Ford,F-150,0,1,0.149,91
28941282,24945851,10/5/2022 16:34,1592334,Mercedes-Benz,E-Class,0,1,0.115,1712
28902899,24954043,9/27/2022 20:38,1592564,Mercedes-Benz,GLE,0,0,,198
28957165,24955408,9/30/2022 15:46,1592557,Subaru,Forester,1,0,,183
28801990,24957378,9/27/2022 20:53,1591318,Toyota,Corolla,0,0,,1878
8015256,24965500,9/13/2022 22:03,1590360,Ford,F-150,0,0,,203
25192585,24987255,9/15/2022 18:29,1592518,Mercedes-Benz,E-Class,1,0,,620
28792040,25002740,10/1/2022 1:08,1592465,Audi,A4,0,1,0.34,1685
26651628,25004969,10/1/2022 16:06,1590626,Subaru,WRX,0,0,,1522
28421990,25005293,9/28/2022 21:58,1592408,Audi,A6,0,0,,1467
29012892,25017930,9/13/2022 16:49,1592002,BMW,5 Series,0,1,0.044,601
28969953,25024539,9/19/2022 13:22,1592602,Honda,CR-V,1,0,,163
19810721,25025797,9/13/2022 19:44,1592376,Toyota,Corolla,0,0,,750
28951786,25030285,9/20/2022 21:57,1592484,Ford,F-150,0,1,0.142,604
28535175,25035997,9/14/2022 15:50,1592369,Mercedes-Benz,E-Class,1,1,0.047,382
27895517,25038039,10/1/2022 13:22,1591499,Mercedes-Benz,S-Class,0,0,,1410
15652908,25040394,9/15/2022 1:08,1592642,Ford,Fusion,1,0,,499
986982,25041656,9/14/2022 1:29,1592644,Nissan,Sentra,0,0,,1110
5061286,25042999,10/3/2022 19:24,1590853,Volkswagen,Beetle,1,1,0.137,0
12910652,25043314,9/14/2022 2:13,1591995,Porsche,911,0,0,,397
29027898,25046949,9/15/2022 1:21,1592420,Ram,1500,1,1,0.067,29
29011998,25051394,9/14/2022 13:30,1591811,Volkswagen,Beetle,1,0,,580
28167237,25052814,9/30/2022 19:59,1598755,BMW,5 Series,1,0,,73
29032147,25055100,9/23/2022 22:45,1592725,Mercedes-Benz,E-Class,1,0,,338
164212,25057050,9/14/2022 17:32,1592597,Mercedes-Benz,S-Class,1,1,0.111,483
29018168,25058486,10/4/2022 23:16,1592329,Subaru,WRX,0,0,,800
29045904,25058805,9/14/2022 18:26,1592569,Chevrolet,Equinox,0,0,,1270
23515498,25060390,9/20/2022 20:31,1589739,Tesla,Model S,1,0,,527
29048486,25060725,9/26/2022 15:22,1589473,Chevrolet,Malibu,0,0,,1249
27708686,25061558,9/22/2022 17:45,1590314,Nissan,Titan,0,0,,163
29052751,25065451,9/14/2022 22:25,1592676,Audi,A4,0,0,,923
14113557,25065849,9/20/2022 13:42,1589457,Porsche,Panamera,0,0,,625
27135424,25067459,9/29/2022 20:47,1592368,Honda,CR-V,0,0,,335
17697954,25075356,10/1/2022 17:21,1592374,BMW,3 Series,0,0,,1126
8283497,25076330,9/15/2022 5:05,1592384,Toyota,RAV4,0,0,,375
29057397,25099529,9/27/2022 19:02,1592062,Ford,Mustang,0,0,,502
28519093,25105652,9/30/2022 7:14,1592553,Audi,A6,1,0,,1085
29055806,25106353,10/5/2022 14:27,1592476,Audi,Q3,0,0,,983
28012950,25108839,10/3/2022 16:46,1591325,Porsche,Panamera,0,1,0.117,372
29025175,25113888,10/25/2022 13:33,1618290,Nissan,Sentra,0,0,,1468
6522259,25114559,10/4/2022 12:19,1592318,Volkswagen,Passat,0,0,,1249
29093230,25118283,10/5/2022 20:01,1592604,Mercedes-Benz,E-Class,1,0,,597
13257370,25121283,9/30/2022 15:58,1590706,Porsche,Panamera,0,1,0.067,989
5186166,25123400,9/27/2022 20:46,1592296,Ford,Mustang,1,1,0.043,95
28071691,25124397,9/28/2022 0:41,1590450,Mercedes-Benz,E-Class,0,0,,1754
29099151,25128501,9/28/2022 20:44,1591841,Mercedes-Benz,GLC,0,0,,333
29095582,25130080,9/28/2022 18:16,1592424,Subaru,WRX,1,0,,174
27713149,25143776,9/17/2022 19:08,1589623,Nissan,Leaf,0,0,,1077
2772885,25147429,9/19/2022 15:00,1589890,Subaru,WRX,0,1,0.065,481
29120382,25147668,10/5/2022 14:31,1592477,Nissan,Sentra,0,0,,79
,25147781,10/6/2022 18:53,1603253,Honda,HR-V,0,0,,493
29126766,25153440,10/3/2022 17:44,1591316,Hyundai,Veloster,1,0,,543
29029555,25153639,9/29/2022 15:38,1592628,Volkswagen,Beetle,0,0,,951
29054865,25158682,9/21/2022 15:40,1592470,Porsche,Panamera,1,1,0.067,0
16673255,25163467,9/24/2022 12:14,1592479,Tesla,Model 3,1,0,,1116
29116272,25164004,9/27/2022 19:00,1592573,Mercedes-Benz,GLC,1,1,0.027,0
29093035,25165430,9/27/2022 18:56,1592572,Chevrolet,Equinox,1,0,,285
29136610,25166956,9/28/2022 18:14,1592423,Mercedes-Benz,GLE,0,0,,111
29129264,25167388,9/27/2022 7:23,1592545,Nissan,Sentra,0,1,0.078,1264
21545278,25170780,9/19/2022 16:07,1592409,Porsche,Panamera,0,0,,1163
16261290,25171358,9/30/2022 17:44,1592107,Mercedes-Benz,GLE,0,0,,894
29113765,25175846,9/19/2022 0:11,1592678,Audi,Q3,0,0,,728
670387,25188271,9/26/2022 19:11,1589522,Toyota,Corolla,1,1,0.025,221
29062219,25192043,9/26/2022 19:20,1592731,Nissan,Sentra,1,0,,408
11387081,25196386,9/20/2022 14:36,1591305,Tesla,Model S,1,0,,256
29018138,25198596,9/28/2022 14:01,1591168,Chevrolet,Camaro,0,0,,89
27653035,25199080,9/30/2022 6:24,1592552,Chevrolet,Malibu,1,0,,467
25179461,25200189,9/23/2022 14:57,1591398,Mercedes-Benz,GLC,1,1,0.097,336
29169479,25205329,10/4/2022 15:29,1592041,Land Rover,Range Rover,0,0,,525
19671392,25206094,9/29/2022 17:48,1592301,Land Rover,Range Rover,0,0,,523
29103363,25208485,10/27/2022 17:57,1624714,Mercedes-Benz,GLE,0,0,,542
28205287,25209292,10/4/2022 22:41,1592327,Nissan,Titan,0,0,,214
29144633,25209680,9/26/2022 15:38,1592360,Mercedes-Benz,S-Class,0,1,0.041,208
27060081,25210346,10/1/2022 2:39,1591874,Ram,1500,0,1,0.048,109
24933555,25210963,9/20/2022 16:53,1592428,Chevrolet,Silverado,1,0,,199
29135485,25211366,9/23/2022 20:50,1591822,Nissan,Leaf,0,0,,310
23517479,25215228,9/29/2022 19:55,1590348,Volkswagen,Passat,1,1,0.013,570
,25216987,9/22/2022 16:37,1592535,Land Rover,Range Rover,0,0,,0
29185264,25220355,9/24/2022 15:46,1592677,BMW,5 Series,0,1,0.093,852
23678293,25222038,9/29/2022 22:19,1591886,Hyundai,Sonata,0,0,,994
29174834,25224545,9/21/2022 17:48,1592459,Mercedes-Benz,E-Class,0,1,0.069,1765
27846554,25225289,10/1/2022 14:51,1592348,Mercedes-Benz,GLE,1,1,0.017,41
14503296,25226172,9/25/2022 15:27,1591264,Subaru,Forester,1,0,,370
7108180,25227227,9/30/2022 13:34,1592523,Hyundai,Veloster,1,1,0.091,185
10511797,25230214,10/3/2022 14:10,1590141,Ford,Mustang,1,0,,28
29196367,25232205,9/28/2022 19:15,1592426,Volkswagen,Passat,0,0,,1811
1758229,25234210,9/24/2022 14:12,1591339,Nissan,Titan,0,1,0.108,97
13561847,25236977,9/21/2022 2:58,1591185,BMW,5 Series,0,0,,1227
26016211,25239706,9/21/2022 17:45,1590899,Chevrolet,Equinox,0,0,,524
28632363,25239844,9/29/2022 22:23,1592624,Hyundai,Sonata,0,0,,1069
29203113,25243797,9/27/2022 21:28,1592708,Mercedes-Benz,GLE,0,1,0.138,798
29193756,25244564,9/26/2022 13:04,1592481,Chevrolet,Camaro,0,0,,956
24527499,25244741,9/21/2022 14:26,1590325,Ford,Escape,0,0,,488
29204174,25245977,9/27/2022 17:54,1592571,Toyota,Tacoma,0,0,,327
8022087,25247547,9/26/2022 15:44,1592361,Audi,A4,0,1,0.022,155
25157783,25249192,9/29/2022 20:54,1592734,BMW,5 Series,0,1,0.072,1008
29030226,25250036,9/22/2022 15:59,1589422,Honda,HR-V,0,1,0.132,38
29115466,25254816,9/30/2022 12:43,1591888,Chevrolet,Camaro,0,1,0.141,867
29147308,25257806,10/3/2022 16:33,1592578,Land Rover,Range Rover,0,0,,222
29203419,25258145,9/29/2022 17:48,1592302,Subaru,WRX,0,0,,858
24077312,25259176,9/22/2022 19:42,1592533,Honda,Civic,1,1,0.098,526
4979355,25261506,9/30/2022 18:10,1591345,Mercedes-Benz,GLE,0,0,,165
29214625,25261594,9/21/2022 23:59,1591800,BMW,3 Series,1,0,,976
29202950,25262030,9/22/2022 0:15,1592383,Ford,F-150,0,0,,158
29059117,25262131,10/15/2022 17:31,1622966,Ram,1500,0,1,0.045,0
29211806,25263325,9/29/2022 20:20,1592507,Nissan,Leaf,0,0,,610
28848655,25263602,10/5/2022 16:11,1592331,Toyota,RAV4,1,1,0.159,12
29220163,25263986,10/3/2022 20:05,1591328,Tesla,Model 3,1,0,,406
29221387,25266040,9/22/2022 4:57,1590388,Land Rover,Range Rover,0,1,0.016,238
8021806,25266168,9/23/2022 21:23,1592377,Honda,CR-V,1,1,0.135,606
,25269175,9/26/2022 19:11,1592112,Nissan,Sentra,0,0,,996
29227592,25274245,9/27/2022 22:52,1592706,Ram,1500,1,0,,198
14003711,25275923,9/25/2022 2:40,1591313,Nissan,Titan,0,0,,522
29229220,25276895,9/22/2022 16:03,1592598,Hyundai,Veloster,1,1,0.104,412
22209908,25278734,9/28/2022 11:51,1592446,Ram,1500,0,1,0.079,50
26298789,25280945,9/29/2022 20:37,1590045,Land Rover,Range Rover,0,0,,650
26961461,25281533,9/22/2022 22:13,1591306,Chevrolet,Silverado,0,0,,35
29047626,25281986,9/22/2022 18:14,1591876,Chevrolet,Silverado,0,0,,609
28061310,25282393,9/22/2022 18:48,1592435,BMW,5 Series,0,1,0.022,672
29223701,25283194,10/3/2022 17:44,1592729,Chevrolet,Malibu,1,0,,70
28707085,25283716,9/29/2022 15:08,1592543,Hyundai,Veloster,1,0,,64
29155262,25283789,10/1/2022 15:55,1591848,Volkswagen,Beetle,0,0,,1069
29236143,25285300,9/29/2022 5:55,1591842,Tesla,Model S,1,1,0.017,44
28806354,25287434,9/27/2022 17:59,1589521,Ram,1500,0,0,,842
29223293,25287508,9/29/2022 13:59,1592313,Audi,Q3,1,0,,23
29237536,25288277,9/27/2022 20:51,1591807,Toyota,Corolla,1,0,,514
16990323,25289079,9/22/2022 21:59,1589565,Porsche,911,0,1,0.134,966
29238263,25290693,10/3/2022 16:51,1592580,Mercedes-Benz,S-Class,0,0,,1919
28625504,25290706,9/29/2022 22:25,1592110,Hyundai,Veloster,1,0,,1132
29237621,25290976,9/27/2022 21:11,1592298,Chevrolet,Camaro,0,1,0.151,883
26231351,25292052,9/23/2022 0:18,1590113,Mercedes-Benz,E-Class,0,1,0.097,1556
29241994,25293015,9/28/2022 20:53,1592034,Hyundai,Veloster,1,1,0.02,65
4428775,25293390,9/25/2022 14:25,1592584,Chevrolet,Silverado,0,0,,494
2394640,25295129,9/23/2022 21:00,1592363,Volkswagen,Beetle,0,1,0.08,872
25378648,25296577,10/2/2022 16:37,1592694,Tesla,Model 3,1,1,0.056,260
7306228,25299605,9/28/2022 4:18,1591878,BMW,X3,0,1,0.095,95
28529836,25302944,9/23/2022 13:06,1603268,Nissan,Titan,0,0,,295
18718867,25304587,9/23/2022 14:58,1591726,Ram,1500,0,0,,506
9390972,25305732,9/23/2022 21:33,1590629,BMW,X3,0,1,0.141,0
28559546,25305957,9/26/2022 22:19,1592613,BMW,X3,0,1,0.069,46
29189184,25306277,10/1/2022 16:03,1591341,Ford,Escape,0,1,0.247,354
29118716,25307241,9/24/2022 18:45,1590539,Honda,Civic,1,1,0.029,418
,25308187,10/5/2022 13:43,1592474,BMW,5 Series,0,1,0.149,394
27536001,25309442,10/1/2022 20:44,1592093,Audi,A4,0,1,0.118,0
26949518,25309827,9/30/2022 22:17,1592663,Ford,Mustang,1,1,0.042,215
28944086,25311467,9/26/2022 22:18,1592612,Toyota,RAV4,0,1,0.145,350
18271436,25312810,9/29/2022 21:02,1592310,Mercedes-Benz,E-Class,0,0,,1752
29233707,25312972,10/8/2022 19:28,1618175,Chevrolet,Equinox,1,0,,412
19041008,25314945,9/27/2022 14:17,1592351,Tesla,Model S,0,1,0.056,629
10084343,25314950,9/28/2022 18:23,1591067,Mercedes-Benz,S-Class,0,1,0.139,1567
29134337,25315031,10/1/2022 16:57,1592294,BMW,5 Series,0,0,,1009
11579743,25315792,9/23/2022 22:49,1592726,Nissan,Leaf,0,0,,1162
26297986,25317595,9/25/2022 15:11,1592379,Toyota,RAV4,0,1,0.238,261
29264997,25319633,9/29/2022 7:21,1592437,Honda,Civic,1,1,0.027,43
28815838,25322877,10/1/2022 23:52,1591853,Toyota,Corolla,1,1,0.047,424
29266707,25322912,9/25/2022 15:32,1590694,Audi,Q3,0,0,,0
12510265,25326768,9/26/2022 19:18,1592568,Nissan,Titan,0,1,0.087,72
8276657,25329897,9/27/2022 17:18,1591893,Chevrolet,Silverado,0,0,,370
19407472,25330400,10/5/2022 13:10,1603241,Mercedes-Benz,GLE,0,0,,126
29252035,25331162,9/30/2022 15:57,1592655,Honda,CR-V,1,0,,6
14669700,25332482,10/1/2022 20:51,1592410,Mercedes-Benz,GLC,1,0,,390
5069308,25332843,9/29/2022 16:16,1592315,Honda,Civic,1,1,0.086,106
17500111,25333230,9/24/2022 17:35,1590308,Ram,1500,0,1,0.142,580
29275470,25333702,9/26/2022 18:47,1591364,Mercedes-Benz,GLE,1,1,0.147,192
27678919,25334425,9/24/2022 22:13,1592038,Ford,Mustang,0,0,,614
26842409,25335011,9/24/2022 17:59,1592385,Chevrolet,Silverado,0,0,,302
28785507,25335635,9/30/2022 15:59,1592589,Ram,1500,0,0,,24
27333594,25337188,9/28/2022 14:02,1592429,Mercedes-Benz,S-Class,1,0,,969
28773249,25337433,9/24/2022 19:55,1603239,Hyundai,Veloster,1,0,,92
29213566,25337452,10/15/2022 15:49,1607834,Honda,CR-V,0,0,,1103
13349824,25337612,9/24/2022 19:56,1592419,Toyota,Corolla,0,1,0.017,1232
18494536,25337710,9/24/2022 20:01,1592480,Nissan,Titan,0,1,0.18,485
29279121,25338710,10/1/2022 20:05,1592400,Audi,A4,1,0,,320
19578416,25339301,9/29/2022 12:19,1592649,Chevrolet,Camaro,0,1,0.029,117
28979705,25340194,9/30/2022 22:22,1592463,Toyota,Corolla,1,1,0.058,151
29276511,25340674,9/24/2022 21:28,1592617,Chevrolet,Malibu,1,0,,454
29233437,25340715,9/28/2022 14:43,1592053,Chevrolet,Malibu,0,0,,482
29279978,25341543,9/29/2022 13:28,1592439,Toyota,Tacoma,0,1,0.104,183
25777746,25342136,9/27/2022 3:15,1592566,BMW,3 Series,0,0,,1730
29228446,25342522,10/6/2022 0:46,1592344,Toyota,Tacoma,0,0,,529
18956519,25344175,9/27/2022 20:57,1590249,Tesla,Model 3,1,0,,799
,25344861,9/25/2022 0:40,1591114,Tesla,Model 3,0,1,0.095,1825
22577068,25346611,9/25/2022 1:50,1592432,Honda,CR-V,1,0,,82
29286412,25346915,9/29/2022 17:02,1592650,Volkswagen,Beetle,0,0,,120
29271154,25349064,9/30/2022 21:43,1592660,Ford,Fusion,0,0,,669
29280011,25349468,9/28/2022 23:19,1592713,Mercedes-Benz,GLE,1,0,,91
29287340,25350022,9/29/2022 20:58,1592309,Chevrolet,Malibu,1,0,,0
29281993,25350429,9/25/2022 21:58,1589529,Chevrolet,Equinox,1,0,,624
20365169,25351653,10/3/2022 14:22,1590832,Ram,1500,0,0,,469
15502820,25355170,9/28/2022 22:13,1591870,Toyota,Tacoma,0,1,0.152,149
29280449,25356016,9/30/2022 23:58,1592668,Hyundai,Veloster,1,0,,482
29294324,25356329,10/3/2022 15:33,1592574,Mercedes-Benz,GLE,0,0,,556
29081708,25357256,9/29/2022 2:55,1592086,Honda,HR-V,0,1,0.045,10
27503635,25357477,10/4/2022 12:34,1592319,Nissan,Leaf,0,0,,562
28258206,25358170,9/28/2022 14:08,1592599,Hyundai,Veloster,1,0,,377
29297262,25359946,9/25/2022 18:38,1591301,Porsche,911,1,1,0.149,0
4691365,25360308,10/2/2022 21:42,1592702,BMW,5 Series,0,1,0.103,180
3582760,25361831,9/25/2022 19:16,1591495,Volkswagen,Passat,0,0,,1147
29298282,25362558,9/25/2022 20:58,1592565,Hyundai,Sonata,1,0,,695
29171585,25365609,9/28/2022 0:36,1591813,Toyota,Tacoma,0,0,,501
29302317,25365735,9/29/2022 22:18,1591885,Audi,Q3,1,0,,106
28850559,25369733,9/27/2022 0:13,1592551,Tesla,Model 3,1,0,,428
29299292,25371205,9/29/2022 15:39,1592629,BMW,X3,0,1,0.126,83
29295724,25372065,9/26/2022 4:14,1591998,Toyota,Corolla,1,1,0.022,8
29259887,25373845,9/29/2022 0:17,1592436,Toyota,RAV4,0,1,0.033,0
4524137,25374462,9/27/2022 16:38,1591311,Nissan,Titan,0,0,,416
15952880,25374521,9/26/2022 4:44,1591772,Audi,Q3,1,1,0.152,0
7538913,25376683,10/1/2022 0:52,1591669,Ram,1500,1,1,0.146,0
9891881,25377020,9/30/2022 0:07,1591335,Tesla,Model S,1,0,,107
28443737,25378508,9/26/2022 12:33,1592616,Subaru,WRX,1,0,,173
26388875,25380329,9/27/2022 1:39,1591317,Volkswagen,Passat,1,1,0.057,0
29272642,25381631,9/28/2022 18:31,1591999,Porsche,911,0,0,,915
28763828,25382137,9/29/2022 18:05,1592443,Mercedes-Benz,GLE,0,1,0.067,502
,25382642,9/26/2022 15:51,1592362,Chevrolet,Camaro,0,0,,698
5856879,25383541,9/27/2022 21:49,1592299,Hyundai,Sonata,0,1,0.095,1365
22170219,25384966,9/26/2022 22:46,1592066,Mercedes-Benz,GLE,0,1,0.07,114
20847171,25387660,10/6/2022 13:08,1603301,Nissan,Titan,0,0,,204
29322010,25387973,9/26/2022 20:04,1592027,Volkswagen,Beetle,1,0,,0
11153433,25388499,9/30/2022 19:47,1592723,Subaru,WRX,0,0,,1942
29289267,25389800,9/30/2022 1:02,1592461,Volkswagen,Beetle,0,1,0.018,216
29100119,25391277,9/27/2022 19:17,1592433,Hyundai,Sonata,1,0,,1121
29057779,25391553,9/26/2022 21:53,1591273,Chevrolet,Equinox,0,0,,1019
29325614,25393466,9/28/2022 13:55,1592639,Tesla,Model 3,1,0,,130
27488078,25393655,9/26/2022 22:48,1590373,Chevrolet,Silverado,0,1,0.017,0
29184735,25393851,9/27/2022 0:04,1592614,BMW,5 Series,0,1,0.021,971
24813588,25394128,9/26/2022 23:09,1591049,Toyota,Tacoma,0,0,,249
28982983,25394448,10/11/2022 21:04,1603260,BMW,X3,0,0,,159
22176081,25394661,9/30/2022 19:06,1592720,Honda,Civic,0,1,0.145,596
29317171,25394886,9/29/2022 15:44,1592314,Tesla,Model S,0,1,0.037,783
29319060,25395695,9/29/2022 15:22,1592626,Tesla,Model 3,1,1,0.017,659
25479113,25396428,9/27/2022 0:05,1590029,Chevrolet,Silverado,0,1,0.032,0
3079262,25396580,9/27/2022 0:20,1591331,Chevrolet,Silverado,0,1,0.067,400
18364545,25397038,9/28/2022 23:26,1592405,Porsche,911,1,1,0.147,0
29293858,25397381,9/28/2022 13:08,1589582,BMW,5 Series,0,0,,1500
29327172,25397588,10/4/2022 21:24,1592472,Chevrolet,Camaro,0,0,,1120
29220080,25399115,9/29/2022 22:14,1591884,Honda,HR-V,0,0,,888
23168249,25400741,10/5/2022 21:28,1592611,Porsche,911,0,1,0.326,1555
28995936,25401265,9/27/2022 2:57,1591302,Hyundai,Veloster,0,0,,526
29328263,25401796,9/27/2022 19:47,1592346,Nissan,Sentra,0,1,0.13,628
29328981,25402299,9/29/2022 16:21,1603298,Ram,1500,0,1,0.097,145
7892740,25402679,9/27/2022 4:25,1592567,Ford,F-150,0,0,,448
29172890,25404139,9/27/2022 5:29,1591303,Hyundai,Sonata,0,0,,770
5299262,25404188,10/12/2022 19:14,1603270,BMW,5 Series,1,0,,145
23677320,25406648,9/28/2022 14:39,1592430,Jeep,Wrangler,1,1,0.062,0
15131518,25407518,9/27/2022 20:22,1592434,Toyota,Corolla,1,0,,1166
4514011,25407879,10/3/2022 15:38,1592575,Toyota,Tacoma,0,1,0.182,192
29337200,25410144,9/30/2022 19:03,1592719,Ford,F-150,0,1,0.096,713
29242268,25410322,9/28/2022 20:55,1592407,Volkswagen,Beetle,1,1,0.101,515
29258129,25410507,10/17/2022 21:07,1624878,Mercedes-Benz,S-Class,0,1,0.156,511
28992748,25410699,10/17/2022 19:33,1608233,Hyundai,Sonata,1,0,,1194
11906306,25411618,9/29/2022 17:27,1592442,Chevrolet,Equinox,1,0,,166
28700411,25412971,9/28/2022 10:24,1591996,Toyota,Corolla,0,0,,1143
29343637,25416695,10/3/2022 15:29,1591881,Toyota,Tacoma,0,1,0.226,320
13271264,25417653,9/30/2022 17:22,1592106,Ram,1500,0,1,0.094,351
28935708,25418065,9/27/2022 21:44,1589974,Mercedes-Benz,GLC,1,1,0.152,301
145988,25418426,9/28/2022 16:56,1592422,Nissan,Sentra,0,0,,1259
29323494,25419270,9/27/2022 20:55,1592707,Nissan,Sentra,0,1,0.156,701
29123113,25420073,10/1/2022 20:33,1589546,Chevrolet,Equinox,0,1,0.028,884
29130925,25420471,10/1/2022 15:08,1592350,Nissan,Titan,0,0,,382
28970154,25421194,9/29/2022 19:28,1592072,Honda,Civic,0,1,0.067,1338
28985288,25421627,9/30/2022 2:17,1590937,Nissan,Titan,0,0,,404
10937550,25421727,9/28/2022 20:47,1592648,Tesla,Model S,1,0,,455
29266023,25423895,10/4/2022 17:14,1591837,Hyundai,Veloster,1,1,0.094,976
28573521,25424506,9/30/2022 22:19,1592664,Tesla,Model 3,1,0,,132
8363137,25426064,9/30/2022 13:00,1592527,Hyundai,Sonata,0,0,,1493
1975303,25426314,10/1/2022 1:09,1592466,Ram,1500,0,0,,1036
29352493,25427391,9/28/2022 18:48,1592425,Chevrolet,Silverado,0,1,0.044,0
19764354,25428359,9/28/2022 15:13,1592421,Honda,HR-V,0,0,,74
29339802,25428790,9/28/2022 0:26,1592487,Audi,A6,1,1,0.106,525
9456606,25429110,10/3/2022 18:11,1591714,Chevrolet,Silverado,0,1,0.15,477
28507286,25429124,11/5/2022 12:10,1632023,Porsche,Panamera,0,0,,637
14934793,25429758,9/29/2022 13:18,1592646,Tesla,Model 3,1,0,,268
29352962,25430056,9/28/2022 23:14,1592712,Hyundai,Veloster,1,1,0.152,98
29112324,25430363,9/28/2022 1:08,1590067,Chevrolet,Silverado,0,0,,716
29323485,25430816,9/28/2022 1:44,1591321,Honda,CR-V,0,1,0.27,338
17615724,25430928,9/28/2022 12:52,1592373,Porsche,911,0,1,0.157,1083
29149078,25432692,9/30/2022 10:30,1592526,Toyota,Corolla,1,1,0.012,66
29352631,25432881,10/3/2022 17:59,1592489,Tesla,Model S,0,0,,994
23034926,25435371,9/30/2022 21:41,1592659,Audi,Q3,0,0,,654
29315956,25435951,9/28/2022 4:33,1592532,Volkswagen,Passat,0,1,0.106,640
2200227,25439857,9/29/2022 18:34,1592304,Audi,Q3,1,0,,344
7064121,25440531,9/29/2022 19:48,1592307,Subaru,Forester,0,0,,831
28807847,25442684,9/28/2022 14:13,1591005,Tesla,Model S,0,0,,1613
28295528,25444340,9/28/2022 15:33,1592040,Audi,A6,0,1,0.145,746
28301479,25444883,10/1/2022 15:50,1592291,BMW,3 Series,0,0,,872
12278708,25445436,9/28/2022 17:13,1592069,Subaru,Forester,0,0,,703
13146238,25445604,9/28/2022 16:26,1592029,Ford,F-150,1,0,,170
29366492,25446227,10/4/2022 14:12,1591827,Land Rover,Range Rover,1,1,0.104,0
4001624,25446410,9/29/2022 13:46,1592540,Hyundai,Veloster,1,1,0.034,23
28657887,25447211,9/29/2022 12:48,1592090,Volkswagen,Beetle,0,1,0.177,0
20477945,25447466,9/29/2022 22:21,1592109,Mercedes-Benz,GLE,0,0,,948
29105544,25447557,10/4/2022 18:06,1592502,Toyota,Corolla,1,1,0.103,618
14600483,25448116,10/3/2022 0:29,1592453,Volkswagen,Passat,1,0,,195
21852215,25448293,9/29/2022 14:59,1592541,Volkswagen,Beetle,0,1,0.048,275
10966920,25448454,9/28/2022 20:25,1592427,Audi,A6,0,1,0.154,1519
16615931,25448504,10/8/2022 18:39,1603245,Chevrolet,Silverado,0,0,,562
26451284,25449689,9/29/2022 19:38,1591333,Honda,HR-V,0,1,0.198,167
29021197,25450354,9/28/2022 20:07,1592488,Hyundai,Veloster,1,1,0.028,486
24143750,25450663,9/29/2022 16:38,1592162,Subaru,Forester,0,0,,546
29332954,25450677,9/28/2022 20:08,1592033,Mercedes-Benz,E-Class,1,1,0.014,364
28678928,25451365,9/28/2022 22:56,1592513,Honda,Civic,0,1,0.114,1641
26700468,25451573,9/30/2022 12:33,1592555,Ford,Fusion,1,0,,1105
19129794,25451860,9/28/2022 20:20,1592000,Porsche,Panamera,0,1,0.142,947
3895160,25452569,10/4/2022 18:09,1592503,Tesla,Model S,0,1,0.028,583
11742672,25452713,9/29/2022 19:36,1591332,Jeep,Wrangler,0,0,,303
12239818,25453389,10/3/2022 19:41,1592018,Tesla,Model 3,0,0,,1383
28399841,25454387,10/4/2022 0:02,1592364,Tesla,Model S,1,0,,52
28924874,25455887,9/28/2022 22:47,1592512,Hyundai,Veloster,1,0,,380
29373170,25456637,9/28/2022 23:46,1592714,Mercedes-Benz,S-Class,0,0,,543
29358981,25457256,10/3/2022 16:17,1592576,Audi,A4,0,0,,1113
6182065,25457314,9/28/2022 23:31,1592406,Chevrolet,Equinox,1,1,0.039,0
29374316,25458399,10/4/2022 16:16,1592500,Ford,F-150,0,1,0.154,0
18016448,25459435,9/30/2022 18:23,1592715,BMW,5 Series,1,0,,899
29376252,25459780,9/29/2022 15:28,1591683,Honda,Civic,0,1,0.028,616
23875001,25459890,9/30/2022 13:43,1590891,Hyundai,Veloster,1,1,0.042,643
28080249,25460100,9/29/2022 2:11,1592710,Porsche,Panamera,0,0,,1617
27718676,25460526,9/29/2022 20:02,1592620,Chevrolet,Silverado,0,1,0.088,341
29377022,25460913,10/3/2022 12:11,1592416,Hyundai,Veloster,1,0,,26
2597067,25461598,10/3/2022 14:56,1591802,Chevrolet,Camaro,0,0,,743
29377607,25461665,10/5/2022 22:46,1592338,Audi,Q3,0,1,0.101,0
22732763,25462018,9/29/2022 3:01,1592711,Mercedes-Benz,GLC,1,0,,760
29371182,25462488,9/29/2022 2:52,1589481,Subaru,Forester,0,0,,862
28273939,25462545,10/3/2022 17:18,1598751,Chevrolet,Equinox,0,1,0.057,825
14392866,25462857,9/29/2022 22:56,1592653,Toyota,Tacoma,0,1,0.158,463
29339995,25463148,9/29/2022 16:35,1592633,Hyundai,Veloster,0,1,0.065,1064
29260937,25463659,9/30/2022 20:56,1603309,Porsche,911,0,0,,690
29371699,25464025,9/29/2022 3:41,1592087,Mercedes-Benz,GLE,0,0,,209
26625611,25466419,9/30/2022 7:23,1592554,Nissan,Titan,1,1,0.069,100
7553062,25466678,9/30/2022 3:35,1591337,Hyundai,Veloster,1,1,0.094,581
21937973,25468353,9/29/2022 19:40,1592505,BMW,5 Series,1,0,,0
19688958,25469337,10/2/2022 18:06,1592697,Nissan,Leaf,1,1,0.085,0
28960492,25470194,9/29/2022 13:35,1592537,Mercedes-Benz,GLE,0,0,,700
15205939,25470252,9/29/2022 19:18,1591182,Nissan,Titan,0,1,0.052,12
4236149,25471128,9/29/2022 14:25,1592440,Chevrolet,Camaro,1,0,,0
10494108,25471960,9/30/2022 23:21,1591310,Ford,Escape,0,1,0.125,199
29153149,25472199,9/29/2022 15:04,1592542,Volkswagen,Passat,1,1,0.071,809
29295520,25472352,9/29/2022 15:35,1592627,Hyundai,Veloster,0,0,,196
28992778,25472417,9/29/2022 15:33,1591816,Ford,F-150,0,0,,161
13984152,25472622,9/30/2022 11:55,1591821,BMW,3 Series,0,0,,1450
23352526,25472682,9/29/2022 17:49,1592303,Volkswagen,Passat,1,0,,608
26801068,25473420,9/29/2022 16:07,1592630,Audi,A4,0,1,0.153,968
29198350,25473514,9/29/2022 17:47,1592300,Ford,Escape,0,1,0.029,163
28947732,25473977,9/29/2022 16:11,1592632,Hyundai,Sonata,1,0,,1139
29297234,25474181,9/29/2022 17:02,1592651,Chevrolet,Silverado,1,0,,44
19477675,25474554,9/29/2022 19:03,1592305,Honda,HR-V,0,0,,402
29307878,25475221,10/1/2022 16:45,1592292,Toyota,Corolla,1,0,,1287
14255081,25475515,9/29/2022 20:22,1592308,Chevrolet,Camaro,1,1,0.035,0
508292,25475767,9/30/2022 20:01,1592524,Chevrolet,Malibu,0,0,,524
22522224,25476436,10/3/2022 19:26,1592493,Ford,Fusion,1,1,0.025,529
7573778,25477567,10/2/2022 20:41,1592450,Chevrolet,Silverado,1,1,0.061,0
23167417,25478020,9/29/2022 19:24,1592619,Mercedes-Benz,E-Class,1,0,,398
11785830,25478131,10/4/2022 15:13,1592320,Audi,A6,1,0,,219
29390123,25478739,9/29/2022 19:10,1592071,Nissan,Titan,0,1,0.085,187
29369755,25478814,9/29/2022 19:09,1592070,Subaru,Forester,0,0,,737
29384939,25479319,9/29/2022 19:57,1592506,Volkswagen,Beetle,1,0,,531
29358552,25479381,10/1/2022 19:55,1592399,BMW,5 Series,0,1,0.091,88
29320512,25479402,9/29/2022 20:17,1592074,Nissan,Leaf,1,0,,364
12874859,25479417,9/29/2022 19:28,1592073,Chevrolet,Silverado,0,0,,341
29391415,25479722,10/3/2022 15:07,1592486,Toyota,Corolla,1,0,,740
28161775,25479729,9/29/2022 20:35,1592637,BMW,5 Series,0,0,,1590
29003577,25481216,10/5/2022 16:58,1592336,Ford,F-150,0,0,,120
7982961,25481588,9/29/2022 20:38,1592638,BMW,3 Series,1,0,,828
633160,25482364,10/1/2022 1:10,1592467,Tesla,Model 3,0,0,,1721
29209562,25482831,9/30/2022 21:39,1592658,Honda,HR-V,0,0,,223
22304988,25483268,10/3/2022 13:06,1592457,Hyundai,Veloster,0,0,,72
29314293,25483953,10/5/2022 19:46,1603293,Ford,Mustang,0,1,0.039,259
28828402,25484314,9/29/2022 22:15,1592622,Porsche,Panamera,0,1,0.143,296
29390221,25484876,10/1/2022 13:28,1592394,Mercedes-Benz,S-Class,0,0,,886
20562994,25484970,10/3/2022 17:49,1603257,Mercedes-Benz,S-Class,0,1,0.066,323
18151360,25484979,10/4/2022 21:30,1592473,Mercedes-Benz,E-Class,0,1,0.085,1709
29396300,25486223,9/30/2022 0:09,1592390,Porsche,911,0,1,0.066,220
29392535,25487325,9/30/2022 0:15,1592392,Hyundai,Veloster,0,1,0.035,696
29396516,25487414,9/30/2022 3:23,1592531,Volkswagen,Beetle,0,0,,1366
1913201,25488010,9/30/2022 0:14,1592391,Hyundai,Sonata,0,0,,740
29376361,25488062,9/30/2022 1:24,1592075,Nissan,Titan,0,1,0.126,479
28631070,25488176,10/1/2022 0:45,1598756,Toyota,Corolla,0,0,,1578
3547350,25488426,9/30/2022 0:20,1589523,Mercedes-Benz,GLC,0,0,,500
11502958,25489269,9/30/2022 1:02,1592460,Ford,F-150,0,1,0.078,8
20566005,25489320,9/30/2022 1:28,1591748,Honda,CR-V,0,0,,179
29349543,25489886,9/30/2022 1:24,1592601,Volkswagen,Passat,0,0,,1646
11544269,25490176,9/30/2022 1:20,1591336,Ford,Fusion,0,0,,1431
29209642,25490288,10/12/2022 0:27,1616316,Volkswagen,Beetle,0,1,0.093,255
29397967,25490619,9/30/2022 2:09,1592510,Hyundai,Sonata,0,0,,1331
29301211,25492095,9/30/2022 2:52,1592311,Porsche,911,0,0,,1018
29401169,25492202,9/30/2022 2:57,1592530,Chevrolet,Silverado,0,1,0.08,9
29389627,25494130,9/30/2022 5:04,1591338,Jeep,Wrangler,0,0,,12
4916906,25498255,10/5/2022 13:11,1603242,Honda,CR-V,0,0,,973
24583383,25498388,9/30/2022 13:53,1592356,Nissan,Leaf,1,0,,245
26025246,25498972,9/30/2022 13:12,1591866,Chevrolet,Malibu,0,0,,925
29406081,25499017,9/30/2022 13:07,1592529,BMW,3 Series,0,0,,1559
5858603,25499100,9/30/2022 18:29,1603284,Mercedes-Benz,E-Class,0,0,,1814
4061474,25499390,9/30/2022 21:58,1592661,Toyota,Corolla,0,1,0.064,1627
29407780,25500829,10/18/2022 18:31,1616917,Volkswagen,Passat,0,0,,41
24286811,25500894,10/3/2022 18:25,1591326,Ford,Fusion,1,0,,1279
29379763,25501126,9/30/2022 21:37,1592657,Chevrolet,Silverado,0,1,0.142,50
28622304,25501128,10/4/2022 15:47,1592042,Audi,Q3,0,1,0.054,0
29356439,25501135,9/30/2022 16:30,1592347,Hyundai,Veloster,1,0,,773
29401874,25501774,9/30/2022 15:19,1592588,Hyundai,Veloster,1,0,,106
25977113,25501932,10/2/2022 2:12,1592687,Jeep,Wrangler,0,0,,61
29401512,25502129,10/3/2022 12:22,1592417,Chevrolet,Equinox,0,0,,1051
23641324,25502201,10/2/2022 0:23,1592684,Mercedes-Benz,GLC,1,1,0.133,238
29308219,25503035,9/30/2022 19:16,1592722,Toyota,Tacoma,0,1,0.143,333
6851634,25503225,10/1/2022 14:15,1592288,Ford,F-150,0,1,0.125,239
10740825,25503507,10/1/2022 16:25,1592396,Subaru,WRX,0,0,,1534
29371307,25504256,10/12/2022 20:27,1603273,Volkswagen,Passat,0,0,,1613
23398953,25504329,10/3/2022 2:49,1603252,Volkswagen,Beetle,0,1,0.118,1651
29398288,25504712,9/30/2022 18:27,1592718,Nissan,Titan,1,0,,37
29411261,25504890,9/30/2022 19:11,1592721,Mercedes-Benz,E-Class,0,0,,1952
19474755,25504943,10/6/2022 13:52,1603286,Toyota,Corolla,0,1,0.094,1238
29384827,25505426,9/30/2022 18:26,1592717,Mercedes-Benz,GLC,0,1,0.062,253
29341652,25505548,9/30/2022 18:23,1592716,Land Rover,Range Rover,1,0,,22
29377572,25505692,10/11/2022 21:45,1603262,Subaru,WRX,0,0,,1714
28706790,25505857,10/3/2022 12:48,1592455,Porsche,Panamera,0,0,,322
7506926,25508029,9/30/2022 19:19,1592561,Honda,Civic,1,0,,431
14319182,25508729,9/30/2022 20:17,1591308,BMW,X3,0,1,0.06,382
26437453,25508752,9/30/2022 19:56,1592595,Jeep,Wrangler,1,0,,132
29388758,25509108,10/1/2022 16:32,1592724,Hyundai,Sonata,1,0,,1164
29414802,25509425,10/16/2022 0:18,1623097,Hyundai,Veloster,1,0,,215
29340540,25509781,9/30/2022 20:42,1592520,Nissan,Sentra,0,0,,772
29416440,25510319,10/1/2022 22:13,1592414,Nissan,Titan,0,0,,375
27945580,25510485,10/27/2022 15:19,1624681,Hyundai,Sonata,1,0,,621
9375813,25510958,9/30/2022 21:49,1591309,Honda,CR-V,1,0,,412
20174557,25511217,10/2/2022 13:50,1603291,Chevrolet,Silverado,0,0,,610
29410956,25511545,9/30/2022 21:35,1592656,Audi,Q3,0,1,0.097,1180
4160575,25511893,10/12/2022 18:53,1608714,Tesla,Model 3,1,1,0.028,590
17940100,25512120,10/3/2022 20:26,1591329,Land Rover,Range Rover,0,1,0.077,505
14336682,25514094,9/30/2022 23:15,1592654,Ford,Mustang,0,1,0.093,123
28374423,25515046,9/30/2022 23:46,1592667,Subaru,Forester,1,0,,487
29420981,25517449,10/1/2022 1:34,1592060,Mercedes-Benz,E-Class,0,0,,1889
2235524,25518065,10/1/2022 2:23,1592671,Nissan,Sentra,0,1,0.086,966
29347934,25518098,10/24/2022 18:14,1624734,Nissan,Sentra,0,1,0.056,1413
29213075,25518856,10/1/2022 2:10,1592670,Jeep,Wrangler,1,0,,0
17011895,25518906,10/2/2022 1:42,1591854,Porsche,Panamera,0,1,0.118,1078
27815989,25521094,10/1/2022 4:33,1591197,Chevrolet,Equinox,0,0,,147
29118217,25521706,10/1/2022 4:40,1592673,Chevrolet,Equinox,0,1,0.135,1240
28693049,25522933,10/1/2022 6:26,1591199,Ford,Mustang,0,0,,529
1398474,25523689,10/31/2022 20:05,1624708,Ford,F-150,0,0,,328
29427535,25523710,10/1/2022 8:35,1592393,Hyundai,Sonata,0,0,,1641
29212157,25526678,10/1/2022 14:07,1592286,Nissan,Sentra,0,0,,1460
16508071,25528031,10/4/2022 20:20,1598746,Honda,HR-V,0,0,,13
28364768,25528393,10/1/2022 16:06,1591849,BMW,3 Series,1,0,,943
29426609,25528401,10/1/2022 20:13,1592402,Chevrolet,Silverado,0,0,,516
26368343,25528473,10/1/2022 15:37,1592290,Porsche,911,0,1,0.026,247
29067676,25528609,10/1/2022 15:37,1591340,Chevrolet,Silverado,0,0,,280
29437661,25529261,10/4/2022 1:33,1592022,Audi,Q3,0,0,,852
28548788,25529531,10/1/2022 16:22,1592395,Volkswagen,Beetle,0,0,,1247
29428537,25530441,10/5/2022 23:26,1592339,BMW,X3,0,0,,154
23982789,25531061,10/3/2022 1:18,1592454,Ford,Escape,0,0,,779
28223540,25531443,10/1/2022 17:22,1592375,Honda,HR-V,0,0,,503
19988329,25532275,10/1/2022 21:24,1592404,Audi,A6,0,0,,976
29433977,25533365,10/1/2022 18:52,1592397,Mercedes-Benz,GLE,0,0,,710
29435281,25533712,10/1/2022 18:54,1592398,Ford,Fusion,1,0,,486
18810640,25534810,10/3/2022 17:10,1592582,Nissan,Sentra,0,0,,1396
26459601,25535103,10/1/2022 20:10,1592401,Jeep,Wrangler,0,1,0.067,0
29143295,25535460,10/2/2022 20:46,1592451,Tesla,Model 3,1,1,0.048,112
6007115,25535924,10/3/2022 15:26,1591343,Chevrolet,Equinox,0,1,0.112,326
29437716,25536255,10/2/2022 0:18,1592683,Nissan,Leaf,0,0,,1050
28249796,25536268,10/2/2022 16:35,1603269,Porsche,Panamera,0,1,0.117,560
29430823,25536650,10/2/2022 12:27,1592691,Ford,Mustang,0,0,,0
29436445,25537494,10/1/2022 21:24,1592412,Subaru,WRX,0,1,0.113,1756
8588945,25537749,10/1/2022 21:16,1592403,Ford,Fusion,0,0,,1565
29434825,25538650,10/1/2022 21:53,1592413,Ford,Escape,0,1,0.129,647
29302150,25540165,10/7/2022 15:31,1624695,Tesla,Model S,1,0,,5
29438816,25540190,10/6/2022 0:20,1592342,Toyota,Tacoma,0,0,,0
21415739,25540326,10/1/2022 23:06,1592675,Chevrolet,Equinox,1,0,,43
13879570,25540904,10/2/2022 21:54,1592705,BMW,5 Series,0,0,,1052
29438229,25541183,10/1/2022 23:32,1592682,Volkswagen,Passat,0,1,0.069,1342
29438198,25541567,10/2/2022 19:21,1592587,Tesla,Model 3,0,1,0.033,783
29441077,25542798,10/2/2022 0:37,1592371,Mercedes-Benz,S-Class,0,0,,642
29195354,25543312,10/16/2022 13:40,1617684,Jeep,Wrangler,0,0,,284
29429710,25543731,10/2/2022 21:38,1592701,Audi,Q3,1,0,,127
29439583,25545064,10/2/2022 2:24,1592690,Honda,CR-V,0,0,,789
29135805,25545177,10/2/2022 2:14,1592688,Land Rover,Range Rover,0,0,,483
29441379,25548042,10/2/2022 21:29,1592699,Mercedes-Benz,E-Class,0,0,,1272
18424610,25551779,10/2/2022 12:48,1592692,Land Rover,Range Rover,0,0,,533
29373239,25551892,10/3/2022 14:05,1592548,Nissan,Sentra,0,0,,132
29450420,25553695,10/5/2022 13:12,1592005,Tesla,Model S,0,0,,1724
29441692,25554635,10/2/2022 16:59,1592695,Porsche,Panamera,0,0,,573
29451898,25554979,10/3/2022 18:06,1592490,Jeep,Wrangler,0,0,,533
29175258,25555105,10/4/2022 16:04,1592497,BMW,3 Series,1,1,0.138,564
27605722,25555797,10/3/2022 17:14,1591315,Porsche,911,0,1,0.143,1370
26239198,25556662,10/11/2022 20:25,1601094,Nissan,Leaf,0,0,,1218
18198462,25556968,10/2/2022 17:24,1591855,Volkswagen,Beetle,0,0,,810
29453563,25557263,10/2/2022 17:55,1592355,Audi,A6,0,0,,23
29422446,25558638,10/6/2022 2:02,1598753,Chevrolet,Silverado,0,0,,316
29453817,25558791,10/2/2022 18:40,1592698,Hyundai,Veloster,0,0,,302
29455717,25558896,10/3/2022 15:21,1591342,Volkswagen,Beetle,0,0,,0
29329181,25561426,10/2/2022 20:40,1592099,Hyundai,Sonata,0,1,0.132,610
16635472,25561537,10/2/2022 21:31,1592700,Ram,1500,1,0,,113
20866500,25561612,10/2/2022 20:39,1592449,Volkswagen,Beetle,0,1,0.021,184
29458175,25562110,10/3/2022 16:34,1591857,Mercedes-Benz,GLC,1,0,,653
29459374,25563997,10/5/2022 21:22,1592609,Nissan,Sentra,0,0,,1072
19264758,25564008,10/13/2022 14:23,1603281,Audi,A6,0,0,,1801
29420006,25564602,10/3/2022 16:50,1592579,Audi,A4,1,1,0.028,469
29459861,25565254,10/3/2022 17:23,1591832,Tesla,Model 3,0,0,,700
25828031,25565960,10/2/2022 23:17,1591851,Toyota,Corolla,0,1,0.097,1254
29415446,25566113,10/2/2022 23:56,1598758,Volkswagen,Passat,0,0,,859
15898706,25566344,10/23/2022 17:53,1618247,Jeep,Wrangler,0,0,,390
29319563,25567139,10/3/2022 13:21,1592547,Nissan,Sentra,0,0,,1652
27996406,25567839,10/3/2022 16:27,1592577,Mercedes-Benz,GLC,1,0,,545
25344678,25575721,10/12/2022 22:43,1603276,Mercedes-Benz,GLC,0,0,,695
29299067,25577629,10/3/2022 13:05,1592456,Porsche,Panamera,0,0,,1250
27647404,25578744,10/12/2022 2:55,1609073,Tesla,Model S,0,0,,882
29095564,25579327,10/4/2022 18:11,1592504,Nissan,Sentra,0,0,,1500
29450793,25580152,10/10/2022 22:18,1601618,Toyota,Corolla,0,0,,13
29141054,25580364,10/3/2022 15:47,1591344,Hyundai,Veloster,1,0,,632
29010521,25580548,10/11/2022 18:06,1609115,Ram,1500,0,0,,67
19099850,25581250,10/3/2022 21:37,1592020,Mercedes-Benz,GLC,0,0,,1034
29394091,25582032,10/3/2022 17:18,1592583,Ford,F-150,0,0,,515
29396198,25582179,10/3/2022 17:02,1592581,Chevrolet,Equinox,0,1,0.091,619
29101751,25583645,10/3/2022 17:37,1592728,BMW,3 Series,0,0,,590
29458436,25584928,10/5/2022 14:20,1592008,Mercedes-Benz,GLE,1,0,,338
29447770,25585719,10/3/2022 18:58,1592017,Hyundai,Sonata,0,0,,813
24505722,25589305,10/30/2022 9:20,1631945,Honda,HR-V,0,1,0.055,174
29391890,25590112,10/10/2022 1:43,1598705,BMW,X3,0,0,,122
29484165,25593923,10/4/2022 0:30,1592366,Honda,CR-V,0,0,,773
29449836,25594030,10/4/2022 22:45,1592328,Honda,CR-V,0,1,0.029,117
18724804,25596422,10/4/2022 16:51,1592322,BMW,5 Series,1,1,0.116,297
612608,25596676,10/4/2022 17:42,1608131,Tesla,Model S,0,0,,1278
29439426,25598001,10/4/2022 2:09,1592024,BMW,3 Series,0,0,,1254
18099705,25598986,10/6/2022 0:57,1598752,Ford,F-150,0,1,0.121,222
16212292,25600137,10/4/2022 4:13,1592025,Porsche,Panamera,0,0,,1026
4068037,25606415,10/4/2022 14:04,1592496,Audi,A4,0,0,,600
29171049,25607470,10/4/2022 13:59,1592495,Audi,A4,0,0,,794
4303854,25609433,10/24/2022 21:16,1624742,Hyundai,Veloster,1,1,0.159,0
13317396,25610001,10/7/2022 22:31,1603266,Porsche,911,0,0,,555
29497244,25612519,10/4/2022 17:11,1592323,Volkswagen,Beetle,1,1,0.012,53
29502869,25615476,10/4/2022 19:55,1592326,Toyota,Tacoma,0,1,0.146,270
24946634,25616456,10/30/2022 19:21,1624726,Chevrolet,Silverado,0,1,0.121,307
29226869,25638138,10/11/2022 21:11,1603261,Volkswagen,Passat,1,0,,211
3937316,25642958,10/6/2022 12:19,1603300,Tesla,Model 3,1,0,,802
712308,25646467,10/8/2022 0:29,1603267,Honda,HR-V,0,0,,1285
12127987,25646683,10/5/2022 22:27,1603289,Toyota,RAV4,0,1,0.044,295
28974462,25657993,10/8/2022 2:28,1603249,Tesla,Model 3,0,1,0.068,1478
29528526,25658058,10/6/2022 13:33,1603285,Tesla,Model 3,1,0,,483
14511028,25660399,10/6/2022 2:04,1598754,Ford,F-150,1,0,,13
3488963,25665334,10/7/2022 12:42,1603306,Chevrolet,Equinox,1,0,,143
1549604,25672798,10/7/2022 23:00,1603251,Honda,CR-V,0,0,,0
29553744,25679112,10/9/2022 20:38,1601486,Hyundai,Veloster,1,1,0.014,45
3530911,25680262,10/7/2022 21:53,1603265,Land Rover,Range Rover,0,0,,597
29421171,25680370,10/6/2022 21:42,1603237,Ford,F-150,0,1,0.146,259
29538184,25683487,10/6/2022 21:47,1608902,Tesla,Model 3,0,0,,2138
29285225,25684610,10/7/2022 14:50,1603290,Hyundai,Sonata,0,0,,1166
29553033,25689314,10/9/2022 1:03,1603255,Mercedes-Benz,E-Class,1,1,0.121,379
29305812,25692481,10/31/2022 11:38,1631920,Chevrolet,Malibu,0,0,,966
29367454,25700163,10/12/2022 18:56,1608422,Land Rover,Range Rover,0,0,,96
25328857,25700723,10/10/2022 14:56,1608439,Mercedes-Benz,GLE,0,0,,97
29568244,25701228,10/8/2022 15:37,1603296,Subaru,Forester,0,0,,60
29535222,25701397,10/8/2022 17:41,1600550,Hyundai,Veloster,1,1,0.112,601
29395628,25703438,10/7/2022 15:36,1598726,Tesla,Model 3,1,1,0.044,1119
26577066,25703572,10/7/2022 20:16,1608851,Porsche,911,0,1,0.117,674
28311830,25710811,10/18/2022 17:08,1611449,Chevrolet,Camaro,0,0,,737
29055254,25712358,10/15/2022 21:28,1608160,Toyota,Corolla,0,0,,1732
28259909,25712941,10/9/2022 21:51,1603302,Subaru,WRX,0,0,,565
22525215,25718023,10/8/2022 0:38,1608293,Hyundai,Veloster,1,0,,546
2200227,25718620,10/20/2022 16:56,1616942,Mercedes-Benz,E-Class,1,0,,98
12759552,25720052,10/17/2022 18:33,1608870,Subaru,Forester,0,0,,754
29381268,25723061,10/8/2022 18:40,1603246,Hyundai,Sonata,0,0,,927
29589044,25727014,10/8/2022 13:02,1607906,Chevrolet,Silverado,0,1,0.162,102
1545368,25731892,10/8/2022 17:18,1603254,Ford,Fusion,1,1,0.025,624
29024892,25732286,10/8/2022 18:10,1603244,Hyundai,Veloster,0,0,,1841
10438210,25735069,10/8/2022 19:34,1608651,Toyota,RAV4,0,0,,490
4545048,25743198,10/11/2022 21:50,1603263,Hyundai,Veloster,1,0,,259
28805171,25746583,10/23/2022 22:59,1624737,Honda,CR-V,0,1,0.072,1071
29604878,25746831,10/12/2022 23:57,1603278,Chevrolet,Camaro,0,0,,1319
29600714,25746948,10/9/2022 3:35,1603256,Audi,Q3,0,1,0.073,511
8065358,25754807,10/9/2022 15:27,1616888,Hyundai,Veloster,1,1,0.084,295
29125144,25756784,10/9/2022 16:41,1601029,Honda,Civic,1,1,0.012,252
29534325,25757795,10/9/2022 22:07,1600689,Tesla,Model 3,1,0,,447
29292280,25759693,10/9/2022 19:03,1600557,Toyota,Corolla,0,1,0.092,712
13360304,25760879,10/14/2022 15:34,1608137,Ram,1500,0,0,,723
29631707,25776138,10/10/2022 10:02,1601006,Nissan,Leaf,0,1,0.033,732
27263454,25778432,10/10/2022 13:51,1601561,Chevrolet,Equinox,0,0,,414
29635532,25779147,10/10/2022 14:53,1600986,Ford,Fusion,0,1,0.048,1127
6895814,25783510,10/11/2022 18:58,1603259,Ram,1500,1,0,,0
4983041,25784199,10/13/2022 15:10,1603282,Tesla,Model 3,1,0,,1187
29540781,25784978,10/12/2022 20:11,1603272,Ford,Fusion,1,1,0.081,41
22340346,25785893,10/11/2022 1:16,1603318,Chevrolet,Equinox,1,0,,651
27313110,25786377,10/10/2022 20:35,1603305,Land Rover,Range Rover,1,0,,0
29642281,25789386,10/10/2022 21:40,1601068,Jeep,Wrangler,0,0,,316
29627920,25792273,10/10/2022 23:13,1601527,Ram,1500,0,0,,122
20219986,25793552,10/14/2022 13:22,1608134,Hyundai,Veloster,1,0,,891
29647416,25794037,10/12/2022 1:18,1608239,Hyundai,Veloster,1,0,,778
22575972,25796886,10/11/2022 1:22,1603319,Hyundai,Veloster,0,1,0.102,439
8019963,25799799,10/11/2022 18:21,1608804,Tesla,Model 3,1,0,,521
1469386,25804206,10/11/2022 8:59,1600913,Mercedes-Benz,GLC,1,1,0.16,270
3522750,25806858,10/20/2022 0:38,1612234,BMW,3 Series,0,0,,1182
26091749,25806903,10/13/2022 17:08,1609075,Ford,Escape,0,0,,571
29643539,25807782,10/12/2022 19:58,1607676,Land Rover,Range Rover,0,1,0.105,74
29665184,25819927,10/11/2022 21:08,1609059,Toyota,Corolla,1,0,,932
457643,25825636,10/11/2022 23:52,1608857,Toyota,RAV4,0,0,,825
610988,25828507,10/12/2022 1:10,1607692,Land Rover,Range Rover,0,0,,666
29673734,25828712,10/12/2022 7:35,1608524,Ford,Fusion,0,0,,1650
29676189,25831485,10/24/2022 21:53,1631975,Subaru,Forester,0,0,,604
29533285,25848503,10/12/2022 13:00,1608183,Subaru,WRX,0,1,0.103,1456
14709290,25850075,10/12/2022 20:40,1603274,Toyota,Corolla,0,0,,1540
29471807,25856430,10/12/2022 18:14,1608855,BMW,X3,0,0,,16
11950902,25856795,10/12/2022 23:39,1603277,Subaru,Forester,1,1,0.139,41
29372276,25857702,10/13/2022 2:14,1609335,Chevrolet,Camaro,0,0,,1253
29582224,25859106,10/12/2022 19:40,1608510,Ford,F-150,0,1,0.146,36
25845363,25859431,10/12/2022 20:06,1603271,Jeep,Wrangler,0,0,,369
29660483,25862839,10/12/2022 22:15,1603275,Ford,Escape,0,1,0.148,847
29282766,25862876,10/12/2022 21:51,1608226,Honda,Civic,1,1,0.109,951
29690944,25864635,10/20/2022 3:46,1616998,Subaru,WRX,0,0,,1493
15734865,25868083,10/13/2022 2:40,1603279,Nissan,Sentra,0,0,,1063
5976303,25871567,10/16/2022 16:52,1608820,Chevrolet,Equinox,0,0,,425
17912209,25871835,10/13/2022 3:33,1603280,Mercedes-Benz,GLE,0,0,,793
29686058,25874341,10/20/2022 19:22,1618229,Land Rover,Range Rover,1,0,,0
5273994,25876657,10/28/2022 22:32,1622114,Toyota,Tacoma,0,1,0.029,0
7327625,25877821,10/25/2022 5:45,1624239,Toyota,RAV4,0,0,,71
29703589,25883724,10/13/2022 15:59,1603283,Honda,CR-V,0,0,,682
29045631,25883948,10/13/2022 15:51,1618220,Mercedes-Benz,GLE,0,1,0.112,162
29643972,25887918,10/15/2022 13:43,1612202,Chevrolet,Equinox,0,0,,988
25524693,25888036,10/26/2022 21:47,1624677,Honda,CR-V,0,0,,519
29712222,25890283,10/13/2022 22:03,1606839,Nissan,Leaf,0,0,,934
29714868,25892185,10/13/2022 21:32,1608728,Hyundai,Sonata,0,0,,1287
20653165,25893027,10/17/2022 16:40,1615802,Honda,Civic,1,1,0.042,14
29186963,25902017,10/24/2022 14:11,1618251,Mercedes-Benz,GLC,0,0,,756
29722308,25902565,10/16/2022 1:06,1623244,BMW,5 Series,1,0,,146
5131200,25903481,10/24/2022 0:27,1624738,Porsche,Panamera,0,1,0.151,684
29461249,25904469,10/26/2022 14:26,1624730,Tesla,Model 3,0,0,,1286
29729383,25910321,10/21/2022 18:52,1622943,Hyundai,Veloster,1,1,0.076,179
29728830,25911864,10/23/2022 22:52,1616744,Tesla,Model S,0,1,0.04,1030
29734248,25916404,10/20/2022 18:50,1618228,Ford,Fusion,0,0,,1810
21548135,25916714,10/24/2022 19:35,1617262,Hyundai,Veloster,1,1,0.063,265
29384057,25919382,10/14/2022 19:42,1616616,Ford,Escape,0,0,,195
29588119,25922595,10/14/2022 20:32,1617264,Ford,Escape,0,0,,98
12811390,25941732,10/20/2022 18:12,1617068,Toyota,Corolla,0,0,,1669
29756518,25944425,10/21/2022 17:21,1624697,Ford,Mustang,0,1,0.157,786
29763517,25946960,10/19/2022 19:35,1617238,Tesla,Model 3,1,0,,132
16214291,25948583,11/5/2022 17:27,1641958,Ram,1500,0,0,,375
2660465,25951328,10/17/2022 18:15,1625160,Hyundai,Veloster,1,0,,243
29756321,25953304,10/25/2022 19:01,1618296,Ford,Mustang,0,0,,24
29595745,25968158,10/29/2022 15:00,1622890,Porsche,Panamera,0,0,,1454
20372485,25974544,10/16/2022 19:46,1617301,Chevrolet,Silverado,0,0,,18
3513274,25974686,10/19/2022 13:48,1617436,Volkswagen,Passat,0,1,0.152,1294
29780623,25975299,10/16/2022 20:04,1618216,Ford,Fusion,1,0,,322
29781443,25978487,10/16/2022 22:16,1617509,Audi,A4,0,0,,456
3043117,25979025,10/18/2022 13:08,1617019,Chevrolet,Camaro,0,0,,1050
29783771,25979952,10/22/2022 19:38,1616725,Honda,CR-V,0,1,0.109,375
28935369,25980855,10/17/2022 0:10,1622869,Toyota,Corolla,0,0,,1008
17468012,25983221,10/17/2022 0:51,1623095,Chevrolet,Camaro,0,0,,402
29780748,25983785,10/18/2022 22:58,1618234,Ford,Escape,0,0,,488
26450816,25984855,11/1/2022 22:43,1627989,Honda,CR-V,1,0,,151
29736929,25992324,10/19/2022 15:36,1618263,Toyota,Corolla,0,0,,1707
29380935,25994449,10/21/2022 18:11,1617004,BMW,3 Series,0,0,,802
29795470,25994996,10/17/2022 15:06,1616951,Audi,A4,0,0,,1040
29777942,25999825,10/22/2022 16:23,1623915,Volkswagen,Beetle,1,1,0.028,0
15731912,26002062,10/17/2022 19:16,1616679,Mercedes-Benz,GLC,0,0,,732
14017355,26003774,10/20/2022 18:43,1618198,Honda,CR-V,1,1,0.108,0
9192229,26003895,10/26/2022 12:12,1622971,Ford,Escape,0,0,,0
29607532,26009167,10/29/2022 16:22,1624719,Nissan,Titan,1,0,,81
2626110,26015535,10/19/2022 17:10,1625001,Honda,Civic,0,0,,1952
28310799,26019758,10/18/2022 13:08,1618227,Honda,HR-V,1,0,,41
29326235,26021468,10/20/2022 15:18,1617054,Tesla,Model S,0,0,,1014
6505483,26024064,10/18/2022 14:46,1610801,Honda,HR-V,0,1,0.149,251
2715497,26025227,10/18/2022 20:17,1615804,Subaru,WRX,0,1,0.081,573
29823625,26026788,10/24/2022 15:37,1618252,Mercedes-Benz,GLC,0,0,,1305
29445921,26028132,10/23/2022 19:06,1617578,Tesla,Model S,1,0,,50
29830077,26036752,10/18/2022 22:54,1618233,Mercedes-Benz,GLE,1,0,,56
29832317,26040920,10/30/2022 20:13,1624727,Hyundai,Sonata,0,0,,1176
7393232,26046437,10/21/2022 19:23,1631996,Chevrolet,Silverado,0,0,,392
29793780,26055175,10/29/2022 18:35,1632018,Hyundai,Veloster,1,0,,76
29794513,26056271,10/25/2022 1:55,1618286,Tesla,Model 3,0,0,,1317
29843548,26058023,10/24/2022 19:25,1624729,Honda,HR-V,0,1,0.013,87
29832788,26062624,11/2/2022 21:57,1631941,Mercedes-Benz,GLC,1,0,,360
28578737,26063493,10/19/2022 21:32,1616999,Toyota,Tacoma,0,0,,47
29833970,26069493,10/20/2022 22:23,1623357,Ford,Mustang,0,1,0.074,337
29541103,26069779,10/27/2022 19:48,1623137,Nissan,Sentra,0,0,,1850
29854405,26071368,10/24/2022 2:47,1631925,Toyota,Tacoma,0,0,,696
26354202,26072112,10/24/2022 15:30,1616652,Hyundai,Veloster,0,0,,746
29602338,26072553,10/21/2022 15:29,1617169,Hyundai,Veloster,0,0,,410
17372692,26096493,10/27/2022 12:53,1631926,Nissan,Titan,0,1,0.109,373
23770733,26099494,10/21/2022 20:29,1624733,Mercedes-Benz,S-Class,0,0,,868
26607039,26100402,10/23/2022 2:11,1618237,Tesla,Model 3,1,1,0.147,1340
29877669,26103659,10/20/2022 22:58,1622871,Porsche,911,0,0,,1200
29189276,26105993,10/21/2022 0:15,1624712,Honda,Civic,0,0,,755
29540535,26106556,10/23/2022 14:33,1617323,Honda,HR-V,0,0,,414
29880501,26107215,10/21/2022 19:18,1631935,Chevrolet,Camaro,1,0,,148
29397668,26107233,10/21/2022 12:13,1617234,Chevrolet,Equinox,0,0,,953
29875492,26113230,10/21/2022 22:52,1616735,Tesla,Model 3,1,0,,0
5572720,26117581,10/30/2022 18:44,1632011,Mercedes-Benz,GLE,0,0,,295
29879040,26120475,10/27/2022 14:26,1628222,Nissan,Titan,0,0,,0
112497,26120673,11/3/2022 14:33,1628000,Ford,Mustang,0,0,,941
29891858,26120686,10/21/2022 15:23,1632015,Audi,Q3,1,1,0.092,221
25152570,26121657,10/22/2022 20:02,1624711,BMW,3 Series,0,0,,1336
9206368,26122990,10/29/2022 2:43,1624702,Honda,CR-V,0,1,0.148,1210
25923367,26123810,10/25/2022 17:17,1624700,Volkswagen,Passat,0,0,,1684
29898688,26127483,10/26/2022 19:17,1628538,Volkswagen,Beetle,1,1,0.057,105
28672973,26129619,10/21/2022 21:11,1618172,Chevrolet,Equinox,1,0,,0
27465251,26130483,10/24/2022 16:04,1624740,Ram,1500,1,0,,140
29898887,26131206,10/29/2022 17:13,1631932,BMW,5 Series,0,0,,367
6598299,26134904,10/22/2022 0:38,1617151,Hyundai,Veloster,1,0,,342
29669358,26135179,10/25/2022 1:25,1618285,BMW,5 Series,0,0,,1689
5625934,26136835,10/29/2022 12:45,1624688,Mercedes-Benz,GLE,0,0,,738
8836179,26142078,10/26/2022 21:46,1624676,Mercedes-Benz,E-Class,0,0,,1824
17792954,26142229,10/31/2022 19:30,1628736,Hyundai,Veloster,0,1,0.025,486
29570551,26145983,10/26/2022 13:41,1628149,Honda,Civic,0,0,,1789
13916268,26149738,11/3/2022 16:24,1642574,Subaru,Forester,1,0,,57
29055718,26150393,10/24/2022 20:38,1625374,Nissan,Sentra,0,0,,20
17617619,26150795,10/22/2022 17:23,1624710,Subaru,Forester,0,0,,99
4919292,26150907,10/28/2022 18:25,1631956,Audi,A6,0,1,0.138,1347
1606496,26151232,10/28/2022 13:48,1631962,Tesla,Model 3,1,0,,1809
29301806,26151440,10/23/2022 23:52,1622998,Mercedes-Benz,GLE,0,0,,679
20505076,26152218,10/30/2022 17:21,1624692,Audi,A4,0,1,0.079,990
29917940,26154496,10/25/2022 5:38,1624238,Toyota,Corolla,1,0,,1211
29752350,26156233,10/22/2022 20:51,1617215,Jeep,Wrangler,0,0,,1004
29702880,26156296,10/29/2022 17:19,1631933,Jeep,Wrangler,0,0,,318
18935460,26158867,10/24/2022 20:37,1625373,Chevrolet,Silverado,0,0,,508
29924356,26159713,10/22/2022 22:59,1631949,Chevrolet,Silverado,0,0,,430
29816180,26160722,10/22/2022 23:47,1624696,Audi,Q3,0,1,0.09,439
9519055,26165126,10/25/2022 17:43,1631923,Hyundai,Sonata,1,1,0.078,14
29927865,26165850,10/23/2022 3:21,1618239,Hyundai,Veloster,1,0,,223
18498191,26166343,11/10/2022 14:54,1639857,Nissan,Leaf,1,1,0.16,568
29926087,26170961,10/23/2022 17:23,1618244,Audi,Q3,1,1,0.146,0
28220864,26171304,10/31/2022 19:09,1624706,Ram,1500,0,0,,620
7591483,26174027,10/23/2022 20:18,1632021,Ford,Escape,1,0,,0
12647808,26174304,10/23/2022 21:53,1624735,BMW,X3,0,1,0.082,468
28238497,26177052,10/24/2022 20:32,1628112,Nissan,Titan,0,0,,449
29918583,26184450,10/31/2022 20:30,1631940,Porsche,911,0,0,,1120
13775885,26184874,10/23/2022 23:01,1631955,Toyota,Tacoma,0,0,,536
29100222,26186664,10/24/2022 0:25,1631972,Volkswagen,Passat,0,0,,992
29889004,26194627,10/24/2022 8:17,1618250,Mercedes-Benz,GLC,0,0,,899
24821310,26201686,10/27/2022 0:40,1624679,Nissan,Sentra,0,0,,433
29959216,26203635,10/24/2022 18:52,1624683,Audi,Q3,0,0,,476
29955892,26204098,10/26/2022 14:26,1624731,Chevrolet,Equinox,0,0,,432
17811195,26204997,10/26/2022 17:55,1632019,Chevrolet,Malibu,0,0,,1294
14029091,26205415,10/24/2022 21:05,1624741,Ford,Escape,0,0,,760
26206577,26207833,10/24/2022 20:36,1624743,Hyundai,Sonata,0,0,,162
28679175,26210775,10/29/2022 17:50,1624722,Hyundai,Veloster,1,0,,24
29965450,26210839,10/26/2022 20:21,1628616,Nissan,Sentra,0,0,,665
3056753,26213575,10/26/2022 23:11,1631963,Honda,HR-V,1,0,,2
29323378,26214413,10/31/2022 19:24,1624707,Hyundai,Veloster,0,0,,326
29972469,26220478,10/25/2022 4:57,1624237,Porsche,Panamera,1,1,0.07,17
22938558,26221369,11/1/2022 19:21,1631978,Mercedes-Benz,GLE,0,0,,605
20848011,26222147,10/25/2022 7:10,1624694,Audi,Q3,0,0,,456
29924266,26222332,10/25/2022 7:53,1623170,Nissan,Sentra,0,1,0.107,1247
28012959,26226421,10/25/2022 14:58,1624699,Ford,F-150,0,0,,295
29985367,26235925,10/26/2022 12:13,1622972,Mercedes-Benz,GLC,0,0,,648
7049641,26238183,10/29/2022 17:41,1624721,Hyundai,Sonata,0,0,,1467
4146273,26238995,10/28/2022 0:38,1631997,Audi,A4,1,0,,487
22937599,26240124,11/7/2022 18:35,1642043,Tesla,Model 3,1,0,,0
26242341,26241880,10/25/2022 22:06,1628328,Chevrolet,Equinox,0,0,,447
1824574,26244243,10/29/2022 13:06,1626803,Toyota,Corolla,1,1,0.141,710
29991099,26245649,10/27/2022 13:23,1625366,Toyota,Corolla,0,0,,1303
29984942,26245962,10/27/2022 23:03,1624717,Chevrolet,Equinox,0,0,,790
27427688,26247927,10/31/2022 2:04,1631918,Chevrolet,Camaro,0,1,0.117,293
29246061,26248287,10/28/2022 15:29,1631950,BMW,3 Series,0,0,,1045
14374026,26253187,10/26/2022 5:41,1624713,Mercedes-Benz,GLE,1,1,0.065,18
9949592,26254383,10/29/2022 19:39,1624723,Chevrolet,Equinox,1,0,,0
6775442,26257615,11/1/2022 18:17,1631970,Audi,A6,0,0,,187
30000575,26258159,11/3/2022 12:57,1639716,Tesla,Model S,1,1,0.028,251
29806162,26262456,10/26/2022 15:52,1624732,Subaru,WRX,0,0,,1815
16359011,26262845,10/31/2022 20:10,1624709,Honda,CR-V,0,1,0.033,3
29955788,26263475,10/27/2022 12:27,1627945,Tesla,Model S,1,1,0.021,374
11777862,26265360,10/30/2022 19:22,1632013,BMW,3 Series,0,0,,1450
29920397,26266687,10/26/2022 21:46,1631938,Audi,A6,0,0,,556
29709189,26267571,10/27/2022 15:21,1632004,Toyota,Corolla,0,0,,363
29076213,26268329,11/2/2022 23:43,1631942,Subaru,WRX,0,0,,1598
29873206,26269350,10/26/2022 20:18,1628872,Nissan,Sentra,0,0,,984
29773358,26271520,10/26/2022 22:03,1632006,Jeep,Wrangler,0,0,,362
29838925,26272269,10/29/2022 14:53,1624704,Mercedes-Benz,S-Class,0,1,0.139,676
30004217,26274349,10/28/2022 18:24,1630579,Chevrolet,Equinox,0,1,0.087,769
139005,26274535,10/26/2022 22:55,1624760,Chevrolet,Malibu,0,0,,1171
29990891,26274711,10/26/2022 23:05,1628812,Hyundai,Veloster,1,1,0.051,118
30012518,26275243,10/27/2022 17:08,1622851,Honda,Civic,1,1,0.056,333
29738474,26276433,10/27/2022 17:08,1625193,Chevrolet,Malibu,0,1,0.068,481
2489363,26276847,10/30/2022 15:38,1626533,Chevrolet,Camaro,0,0,,1025
18287495,26276912,11/12/2022 14:04,1645222,Tesla,Model 3,1,1,0.137,117
1497736,26277075,10/27/2022 0:32,1624678,Subaru,WRX,0,0,,1453
3150144,26279952,10/27/2022 1:58,1624680,Honda,CR-V,0,0,,951
29671944,26280060,11/7/2022 14:05,1641901,Volkswagen,Beetle,0,0,,995
21770168,26285439,10/27/2022 17:50,1628316,Tesla,Model 3,1,1,0.069,307
30020305,26285689,10/27/2022 14:06,1628842,Mercedes-Benz,GLC,1,0,,1441
26788634,26287015,10/30/2022 15:10,1644062,Honda,CR-V,0,0,,0
30013117,26288685,10/27/2022 15:28,1632005,Toyota,Corolla,0,1,0.057,526
5783124,26290392,11/8/2022 23:34,1642390,Nissan,Sentra,0,1,0.079,643
26579719,26295154,11/1/2022 13:30,1628168,Tesla,Model 3,1,0,,1395
30010045,26296597,11/3/2022 3:34,1631943,Honda,HR-V,0,0,,834
12700039,26298786,10/28/2022 17:37,1624769,Mercedes-Benz,GLC,0,0,,661
17993794,26302151,10/28/2022 16:44,1628882,BMW,3 Series,0,0,,588
29835120,26305272,11/5/2022 13:29,1632024,Audi,Q3,1,0,,129
29328083,26306694,10/30/2022 22:30,1631946,Hyundai,Veloster,0,0,,288
30023695,26307917,10/28/2022 18:48,1631961,Chevrolet,Malibu,1,1,0.13,511
29393099,26312395,11/4/2022 21:37,1631995,Honda,Civic,1,0,,244
11471954,26315278,10/31/2022 23:26,1639345,Tesla,Model 3,1,0,,198
29893934,26315542,10/28/2022 6:41,1641848,Mercedes-Benz,GLE,0,0,,310
29998368,26315617,10/29/2022 1:41,1641009,Porsche,911,0,0,,826
949772,26319417,10/29/2022 20:54,1624689,Audi,A4,0,0,,1169
7500062,26319975,10/30/2022 16:56,1624691,Jeep,Wrangler,0,0,,515
29938526,26320288,10/28/2022 15:39,1628609,Hyundai,Veloster,1,0,,498
23877509,26320539,11/4/2022 19:39,1631993,BMW,3 Series,0,1,0.085,869
29644116,26320738,10/28/2022 15:42,1633168,Hyundai,Veloster,1,0,,0
29981793,26322021,10/29/2022 12:51,1631947,Nissan,Sentra,0,1,0.106,1273
29329584,26322194,10/29/2022 0:31,1624687,Tesla,Model S,0,0,,940
29868766,26323664,10/28/2022 18:22,1632027,Subaru,Forester,0,1,0.021,587
30032878,26324427,10/28/2022 19:27,1631921,Ford,F-150,1,0,,143
30051577,26327148,10/28/2022 19:54,1631922,Ford,F-150,1,0,,0
12704710,26327920,10/29/2022 17:32,1624720,BMW,3 Series,0,0,,1665
29431274,26330459,10/29/2022 0:15,1624685,Chevrolet,Camaro,0,0,,848
30053318,26331296,10/29/2022 1:40,1632001,Chevrolet,Camaro,0,1,0.099,1008
29880852,26331327,10/30/2022 21:09,1632003,Chevrolet,Equinox,0,1,0.091,935
19671611,26334249,10/29/2022 1:00,1631999,Toyota,Tacoma,0,0,,401
38769,26334269,10/29/2022 0:16,1624686,Subaru,Forester,0,0,,659
28523802,26334648,10/29/2022 1:10,1632000,Toyota,Tacoma,0,0,,682
30059684,26335817,10/29/2022 23:01,1624725,Volkswagen,Beetle,0,0,,62
18732369,26338942,11/1/2022 0:13,1628413,Hyundai,Veloster,1,1,0.022,0
5424561,26339285,10/29/2022 4:21,1624703,Nissan,Sentra,0,1,0.129,1051
30049846,26342296,10/29/2022 10:45,1627573,Land Rover,Range Rover,0,0,,303
29924735,26345715,10/29/2022 15:20,1624718,Honda,CR-V,0,0,,753
29942998,26345926,10/29/2022 21:25,1624724,Hyundai,Veloster,1,0,,1146
25502544,26349387,11/10/2022 17:12,1642697,Mercedes-Benz,GLC,0,0,,805
30032113,26349568,10/29/2022 17:55,1631934,Tesla,Model S,0,0,,558
21321711,26349603,11/7/2022 18:54,1643851,Tesla,Model S,0,0,,1177
18700527,26350963,11/12/2022 23:16,1640865,Audi,A6,0,0,,683
24213635,26351069,10/29/2022 18:58,1632008,Porsche,Panamera,0,0,,1576
30073181,26355850,10/29/2022 22:24,1631954,Jeep,Wrangler,1,0,,0
30069963,26356418,11/3/2022 16:30,1632033,Chevrolet,Equinox,0,1,0.144,757
215419,26356668,10/30/2022 13:58,1631982,Hyundai,Sonata,1,1,0.138,372
26908339,26361697,10/31/2022 20:20,1631967,Toyota,Tacoma,0,0,,130
29180421,26368913,11/8/2022 18:29,1641923,Mercedes-Benz,GLC,1,0,,381
28069869,26369368,10/30/2022 16:06,1629701,Porsche,911,1,0,,485
7499742,26370176,10/31/2022 3:08,1631919,Honda,HR-V,0,0,,748
30023102,26373933,10/30/2022 18:41,1639811,Honda,HR-V,0,0,,390
30024964,26374045,10/30/2022 19:07,1624693,Land Rover,Range Rover,0,1,0.089,210
30089032,26374518,11/3/2022 14:37,1632030,Mercedes-Benz,GLC,0,1,0.06,654
30071638,26374643,10/30/2022 19:32,1632014,Toyota,Tacoma,0,0,,610
15016637,26377878,11/4/2022 18:46,1639587,Volkswagen,Beetle,0,0,,135
18100374,26377984,11/2/2022 20:01,1631987,Chevrolet,Equinox,1,0,,142
30047028,26378685,11/3/2022 16:28,1632032,Hyundai,Sonata,0,0,,1396
29721705,26379037,11/2/2022 19:12,1631980,Honda,Civic,0,0,,1166
29998969,26380347,10/31/2022 17:26,1632016,Ford,F-150,0,1,0.078,282
30066905,26381723,10/31/2022 0:41,1631936,Volkswagen,Beetle,0,1,0.149,1228
25132131,26382342,11/3/2022 17:50,1631971,Hyundai,Sonata,0,1,0.067,439
30097157,26383655,10/31/2022 2:10,1628470,Chevrolet,Equinox,0,1,0.098,578
15273147,26387675,10/31/2022 5:54,1631937,Subaru,WRX,1,0,,614
18680309,26390994,10/31/2022 14:19,1631964,Nissan,Sentra,0,0,,1468
28155217,26391832,10/31/2022 14:25,1631965,BMW,3 Series,1,0,,1038
30104922,26393890,11/1/2022 14:19,1631927,Chevrolet,Silverado,0,1,0.092,372
16981628,26396148,11/9/2022 19:05,1641904,Mercedes-Benz,GLC,1,0,,542
29594137,26396320,11/1/2022 13:59,1631973,Ram,1500,0,0,,562
17959835,26397017,11/3/2022 23:01,1640296,Hyundai,Veloster,1,0,,583
4697678,26397404,10/31/2022 20:23,1631968,Hyundai,Veloster,0,1,0.046,1592
29606741,26399085,10/31/2022 19:59,1631939,Jeep,Wrangler,0,1,0.05,130
29968546,26399489,11/4/2022 22:25,1639894,Tesla,Model S,1,1,0.012,217
30105126,26399544,10/31/2022 21:20,1631957,Ford,Mustang,0,0,,429
27020907,26401506,10/31/2022 21:36,1631153,Audi,Q3,0,0,,782
29071758,26401612,11/2/2022 21:43,1631990,Toyota,Corolla,1,0,,556
30112687,26402752,10/31/2022 23:23,1631958,Ford,F-150,0,0,,311
23889667,26414897,11/2/2022 17:49,1631979,Chevrolet,Equinox,1,0,,226
30016661,26422836,11/1/2022 19:07,1631977,Chevrolet,Malibu,0,0,,1220
99994,26423056,11/11/2022 13:11,1641936,Land Rover,Range Rover,0,0,,631
22242773,26423122,11/1/2022 19:06,1631976,Audi,Q3,0,0,,279
18640565,26423662,11/2/2022 18:55,1631928,BMW,X3,0,0,,375
30091202,26426549,11/2/2022 15:58,1631984,Tesla,Model 3,0,0,,1603
7865888,26432816,11/2/2022 1:13,1642386,Ford,F-150,0,0,,358
3531038,26438899,11/8/2022 18:23,1638592,Jeep,Wrangler,0,0,,186
28287279,26442419,11/12/2022 15:40,1642375,Hyundai,Sonata,1,1,0.035,58
6431120,26444861,11/3/2022 19:28,1639342,Mercedes-Benz,E-Class,0,1,0.031,1370
30143957,26445450,11/2/2022 16:02,1631985,Ford,Fusion,1,0,,263
29960589,26451774,11/2/2022 19:10,1631960,Nissan,Titan,0,1,0.133,349
17007396,26453661,11/3/2022 19:59,1642049,Ford,Mustang,0,0,,1203
30148477,26453966,11/3/2022 22:14,1640482,Chevrolet,Equinox,0,0,,881
30120785,26454692,11/2/2022 19:47,1631981,BMW,5 Series,0,0,,1453
26254213,26454798,11/2/2022 20:04,1631988,Hyundai,Veloster,1,0,,217
30095202,26456245,11/10/2022 21:10,1642343,Nissan,Sentra,0,0,,1655
30114313,26457032,11/2/2022 21:31,1643893,Nissan,Titan,0,0,,0
29162038,26462628,11/11/2022 0:50,1641986,Tesla,Model 3,1,0,,572
30158859,26463510,11/10/2022 15:48,1640985,Tesla,Model 3,1,0,,567
30157874,26464743,11/3/2022 2:25,1641928,Nissan,Sentra,0,0,,613
30161037,26468577,11/3/2022 21:24,1642005,Subaru,WRX,1,0,,226
29842821,26476980,11/3/2022 17:23,1628588,Jeep,Wrangler,0,0,,539
30164966,26477200,11/13/2022 17:09,1675713,Volkswagen,Beetle,1,0,,552
18476209,26477824,11/3/2022 16:10,1632031,Ford,F-150,0,0,,255
29982424,26478612,11/4/2022 13:50,1643046,Audi,Q3,0,0,,444
23626103,26479030,11/6/2022 20:39,1640814,Tesla,Model 3,1,0,,721
30153986,26480440,11/3/2022 17:30,1642032,Audi,Q3,0,0,,166
30172114,26480442,11/3/2022 18:29,1631930,Hyundai,Veloster,1,0,,945
22389152,26483013,11/9/2022 0:45,1642391,Hyundai,Veloster,1,1,0.039,0
29530846,26483017,11/10/2022 23:28,1642014,Porsche,911,0,0,,402
19398445,26491019,11/7/2022 21:57,1641907,Honda,Civic,1,1,0.1,427
3117898,26506067,11/10/2022 22:18,1642013,Honda,Civic,1,0,,1473
29475470,26507106,11/11/2022 15:59,1642362,Ford,Fusion,0,0,,1553
27702432,26516928,11/10/2022 16:58,1642695,Chevrolet,Camaro,1,0,,248
29238015,26520354,11/18/2022 0:50,1652900,Toyota,Tacoma,0,0,,611
10964345,26528792,11/5/2022 13:49,1639032,Mercedes-Benz,E-Class,0,1,0.105,965
30207961,26534259,11/7/2022 20:45,1642357,Hyundai,Sonata,0,0,,1740
30184143,26535535,11/7/2022 19:50,1637949,Nissan,Leaf,0,0,,1621
30133860,26537458,11/11/2022 16:07,1642363,Chevrolet,Camaro,1,0,,473
10747328,26543030,11/5/2022 23:45,1641893,Ford,Fusion,1,1,0.038,5
28257622,26547046,11/9/2022 20:22,1641950,Nissan,Sentra,0,0,,333
7257943,26549741,11/7/2022 14:59,1643784,Mercedes-Benz,GLC,1,1,0.145,62
30229496,26560657,11/11/2022 17:26,1642365,Honda,Civic,0,0,,1355
8096233,26562636,11/18/2022 13:51,1652909,Toyota,Corolla,1,1,0.135,460
930750,26567994,11/12/2022 15:44,1648683,Chevrolet,Camaro,0,0,,657
30197622,26572791,11/7/2022 5:07,1639128,Jeep,Wrangler,1,0,,11
30196314,26578485,11/8/2022 22:39,1642389,Subaru,Forester,0,0,,542
30244308,26579543,11/7/2022 14:17,1638938,Hyundai,Veloster,1,0,,292
29850887,26580254,11/7/2022 14:32,1632817,Hyundai,Veloster,0,0,,1483
18408429,26580809,11/7/2022 19:27,1641838,Chevrolet,Malibu,0,0,,971
26981069,26583597,11/11/2022 1:13,1642351,Ford,Fusion,0,0,,1942
20415582,26583938,11/13/2022 14:44,1642383,BMW,3 Series,0,0,,1456
19667732,26584522,11/10/2022 16:53,1642694,BMW,3 Series,0,1,0.154,854
,26587056,11/11/2022 14:33,1641859,Ram,1500,1,0,,237
20818878,26588037,11/7/2022 20:22,1642009,Toyota,Tacoma,0,0,,675
28077395,26588449,11/7/2022 21:18,1638758,Mercedes-Benz,S-Class,0,1,0.099,700
30206433,26591840,11/9/2022 23:15,1645458,Ram,1500,0,0,,328
29528216,26592656,11/17/2022 17:18,1652871,Toyota,Corolla,0,0,,1143
30233753,26596024,11/8/2022 2:09,1637850,Audi,Q3,0,1,0.028,61
30178319,26605480,11/18/2022 21:49,1652935,Porsche,Panamera,0,0,,214
30261947,26614088,11/8/2022 18:46,1641998,Volkswagen,Beetle,0,1,0.089,1231
1098585,26623265,11/8/2022 23:37,1641840,Ford,F-150,0,0,,558
30066464,26623821,11/10/2022 17:43,1641912,Honda,HR-V,1,0,,70
29795616,26624892,11/9/2022 1:01,1640312,BMW,5 Series,1,1,0.089,732
29863480,26629434,11/9/2022 3:40,1641876,Subaru,WRX,1,1,0.089,348
30185488,26639508,11/9/2022 17:46,1641930,NIssan,Titan,0,0,,40
14263314,26642493,11/19/2022 15:12,1655588,Chevrolet,Camaro,1,0,,28
30215435,26644640,11/11/2022 1:13,1642352,Ford,F-150,0,1,0.015,0
30287857,26645503,11/10/2022 14:58,1642039,Tesla,Model 3,0,0,,2214
30294164,26650696,11/10/2022 18:05,1642338,Honda,HR-V,0,0,,429
18134093,26654126,11/11/2022 21:29,1642050,Hyundai,Veloster,0,0,,337
868957,26659188,11/11/2022 1:22,1642353,Chevrolet,Malibu,0,0,,1192
5602142,26661229,11/10/2022 5:08,1639625,BMW,5 Series,1,0,,1047
29070310,26667967,12/10/2022 18:35,1675806,Honda,CR-V,0,0,,1144
5809120,26668413,11/10/2022 15:31,1642370,BMW,5 Series,1,0,,177
25063573,26669711,11/10/2022 16:36,1642693,Tesla,Model S,1,0,,513
27394661,26674485,11/10/2022 19:00,1642340,Jeep,Wrangler,0,0,,477
30305742,26675294,11/12/2022 21:42,1642381,Toyota,RAV4,0,0,,693
30308671,26677438,11/13/2022 16:05,1642384,Nissan,Titan,0,0,,307
28849389,26678022,11/12/2022 22:06,1642382,Volkswagen,Beetle,0,0,,353
,26678635,11/10/2022 23:34,1642348,Subaru,WRX,0,0,,1814
20239672,26679515,11/10/2022 21:56,1642345,Toyota,RAV4,0,0,,893
30306878,26682232,11/11/2022 0:44,1641932,Porsche,Panamera,1,0,,581
29657870,26682976,11/18/2022 15:11,1652915,Ford,F-150,0,1,0.109,420
30135703,26683088,11/11/2022 0:52,1641987,Hyundai,Veloster,1,0,,342
834973,26683475,11/11/2022 19:38,1641856,Nissan,Sentra,0,0,,1532
28343310,26685478,11/11/2022 1:55,1641933,Chevrolet,Equinox,0,0,,717
30318185,26687759,11/12/2022 1:57,1643903,Chevrolet,Silverado,0,0,,422
30320416,26688803,11/11/2022 5:18,1642361,Subaru,WRX,0,0,,1533
19495115,26688999,11/11/2022 5:10,1642360,Subaru,WRX,1,0,,21
13644647,26691786,11/17/2022 19:13,1652884,Honda,Civic,0,0,,1461
22408373,26695396,11/11/2022 14:16,1641938,Subaru,Forester,0,1,0.223,1329
30312529,26697702,11/17/2022 18:27,1652876,Chevrolet,Silverado,0,0,,443
22772609,26705364,11/11/2022 21:39,1645253,Audi,Q3,1,0,,103
8712053,26707272,11/11/2022 22:14,1642007,Ram,1500,0,0,,57
28161359,26720833,11/12/2022 15:52,1639901,Mercedes-Benz,E-Class,0,0,,1807
28831517,26721823,11/18/2022 16:17,1652918,Nissan,Leaf,1,0,,385
16836828,26728331,11/18/2022 14:10,1652910,Hyundai,Veloster,1,0,,27
1094775,26731086,11/18/2022 21:29,1652934,Chevrolet,Malibu,0,0,,1128
14495689,26737925,11/17/2022 17:11,1652870,Subaru,WRX,0,0,,1610
26510218,26749612,11/17/2022 19:36,1652886,Chevrolet,Equinox,1,0,,527
8663301,26749713,11/15/2022 0:50,1648753,Audi,Q3,0,0,,613
4179303,26771312,11/18/2022 17:13,1652921,Ford,F-150,0,0,,281
30384484,26782131,11/18/2022 14:34,1652912,Honda,Civic,0,0,,1218
6616831,26787153,11/18/2022 20:51,1652933,Hyundai,Veloster,1,1,0.018,184
29995025,26790010,11/17/2022 18:33,1652877,Tesla,Model S,0,0,,875
22030866,26807133,11/17/2022 20:38,1652890,Chevrolet,Equinox,0,0,,249
30279759,26809540,11/17/2022 21:53,1652894,Ford,Mustang,0,1,0.049,0
30397632,26812082,11/17/2022 19:01,1652883,Nissan,Titan,0,0,,485
28106542,26812340,11/18/2022 18:18,1652925,Toyota,Corolla,0,0,,996
30139739,26814467,11/17/2022 18:56,1652882,Jeep,Wrangler,0,0,,84
30407983,26815153,11/17/2022 18:38,1652878,Audi,A4,0,0,,1152
12333449,26816129,11/17/2022 18:46,1652881,Ford,Fusion,0,1,0.062,1252
30257327,26817911,11/18/2022 1:04,1652901,Honda,CR-V,0,1,0.092,125
21841039,26821992,12/6/2022 22:45,1675750,Honda,CR-V,1,0,,0
30328262,26823760,11/17/2022 18:09,1652875,Hyundai,Veloster,0,0,,1950
30323476,26831999,11/17/2022 17:29,1652872,Nissan,Sentra,0,0,,769
18912258,26832035,11/29/2022 15:53,1675719,Ford,Escape,0,1,0.06,875
30037487,26834334,11/17/2022 19:38,1652887,Volkswagen,Passat,0,1,0.065,492
30267599,26834944,11/17/2022 20:17,1652889,Nissan,Sentra,0,0,,1729
30254008,26835381,11/17/2022 16:48,1652868,Chevrolet,Malibu,0,0,,964
23387642,26853316,11/17/2022 16:38,1652867,BMW,5 Series,0,0,,987
30028325,26853641,11/17/2022 20:09,1652888,Mercedes-Benz,GLC,0,0,,997
30386532,26854040,11/17/2022 17:30,1652873,Mercedes-Benz,GLE,0,1,0.026,241
30412442,26854534,11/17/2022 19:14,1652885,Mercedes-Benz,GLC,0,0,,470
12928109,26857233,11/18/2022 0:14,1652899,Nissan,Sentra,0,0,,248
30288255,26859346,11/17/2022 21:04,1652891,Toyota,Tacoma,0,0,,0
30211963,26860352,11/18/2022 20:05,1652930,Porsche,Panamera,0,0,,1945
26881957,26860789,11/17/2022 21:06,1652892,Ford,F-150,0,0,,329
16129852,26861885,11/17/2022 22:03,1652896,Hyundai,Veloster,0,0,,1754
30029880,26861992,11/17/2022 21:54,1652895,Nissan,Titan,1,0,,0
30293439,26863567,11/26/2022 16:58,1674750,Chevrolet,Equinox,1,0,,281
30404292,26864506,11/20/2022 11:55,1652997,Nissan,Sentra,0,1,0.1,1163
30427849,26866336,11/18/2022 14:36,1652913,Audi,A4,0,0,,154
30448319,26867461,11/18/2022 1:30,1652902,Nissan,Titan,0,0,,220
13365230,26867878,11/18/2022 1:59,1652904,Toyota,Tacoma,0,0,,0
2044335,26868754,11/18/2022 4:26,1652905,Chevrolet,Equinox,1,0,,249
21245658,26870796,11/18/2022 12:59,1652908,Land Rover,Range Rover,0,1,0.14,330
30452956,26873666,11/18/2022 6:37,1652907,Ford,Fusion,1,0,,450
30347615,26877301,11/18/2022 16:48,1652920,Ford,Escape,0,0,,1053
30415374,26877903,11/18/2022 14:49,1652914,Chevrolet,Malibu,0,0,,1431
30456033,26878668,11/18/2022 15:28,1652916,Jeep,Wrangler,0,0,,117
11943091,26879223,11/18/2022 15:38,1652917,Porsche,Panamera,0,0,,1177
30458250,26880260,11/18/2022 17:38,1652922,Honda,Civic,1,0,,32
30458128,26881402,11/18/2022 18:59,1652927,Chevrolet,Silverado,0,0,,395
30452296,26881834,11/18/2022 18:02,1652924,Hyundai,Veloster,0,0,,1948
21104916,26882562,11/18/2022 18:21,1652926,Hyundai,Veloster,1,1,0.012,160
21253481,26884255,11/18/2022 19:24,1652928,Volkswagen,Beetle,1,0,,122
9618441,26885512,11/18/2022 20:44,1652932,Toyota,Tacoma,0,0,,384
25733524,26885800,11/18/2022 22:03,1652937,Chevrolet,Silverado,0,0,,477
17850015,26887170,11/18/2022 21:50,1652936,Tesla,Model 3,1,1,0.139,336
26997562,26894092,12/16/2022 16:25,1677134,Ford,Escape,0,0,,0
30469047,26897363,12/12/2022 20:46,1675857,Audi,Q3,1,0,,22
29900109,26911632,11/27/2022 16:59,1675717,Hyundai,Veloster,1,0,,197
5716719,26927407,12/15/2022 20:08,1683362,Honda,CR-V,0,1,0.079,92
,26930237,12/1/2022 16:42,1675723,Audi,A4,0,0,,1337
29358701,26985568,12/9/2022 22:38,1675378,Toyota,Tacoma,0,1,0.13,270
30543491,26992523,12/12/2022 20:44,1675856,BMW,X3,0,1,0.02,47
30098984,26995261,11/23/2022 17:19,1675247,Honda,HR-V,0,0,,325
30546691,27026507,12/7/2022 20:31,1674861,Chevrolet,Equinox,0,0,,1071
30517025,27037549,12/13/2022 1:44,1675867,Chevrolet,Malibu,0,0,,777
30364443,27038449,12/6/2022 16:53,1675738,Tesla,Model S,0,0,,1478
30578281,27044626,12/27/2022 21:11,1688753,Subaru,Forester,0,0,,765
30583997,27053150,12/4/2022 15:52,1681694,BMW,5 Series,1,1,0.118,718
30325233,27055736,12/5/2022 21:12,1674803,Chevrolet,Equinox,0,1,0.028,0
30590169,27057874,12/13/2022 2:43,1675869,Toyota,Tacoma,0,1,0.135,256
30396623,27059746,11/30/2022 17:15,1674759,Subaru,WRX,0,0,,1675
26130115,27071027,11/27/2022 15:53,1675716,Porsche,Panamera,0,0,,1247
26961292,27076892,11/27/2022 22:11,1675718,Audi,A4,0,0,,394
4264382,27092178,11/30/2022 20:30,1675722,Toyota,Corolla,0,0,,1640
30622386,27099489,12/8/2022 17:58,1675771,Toyota,Tacoma,0,0,,298
28962929,27102190,12/5/2022 15:35,1674793,Hyundai,Sonata,0,0,,1441
5260800,27105447,11/30/2022 0:20,1675721,Ford,F-150,0,1,0.049,0
608684,27113594,12/12/2022 17:33,1675847,Nissan,Titan,0,0,,1
902318,27113865,12/9/2022 16:14,1673663,Hyundai,Veloster,0,0,,1545
19622371,27119719,11/29/2022 19:59,1675720,Honda,HR-V,0,1,0.118,504
30514831,27125194,12/5/2022 9:45,1675730,Jeep,Wrangler,1,0,,24
30647911,27131250,12/7/2022 19:11,1675757,Porsche,Panamera,0,0,,1669
2349692,27134771,12/7/2022 19:33,1675307,Ram,1500,0,0,,973
22524886,27151344,12/9/2022 14:25,1673660,Chevrolet,Malibu,1,0,,941
19391487,27152492,12/2/2022 22:10,1675726,Subaru,Forester,0,0,,1142
30676076,27167910,12/7/2022 17:11,1675298,Audi,A6,0,0,,1427
4968897,27173159,12/6/2022 21:40,1675289,Jeep,Wrangler,0,0,,244
30082340,27185116,12/16/2022 9:15,1687212,Chevrolet,Equinox,0,0,,1034
30678338,27188700,12/6/2022 20:11,1675745,Honda,CR-V,1,1,0.015,154
317410,27189311,12/4/2022 6:36,1675258,Nissan,Sentra,0,0,,1471
18483425,27191204,12/6/2022 2:41,1675736,Honda,CR-V,0,0,,1339
30651906,27193580,12/6/2022 22:29,1675749,BMW,5 Series,0,0,,1443
30676707,27194352,12/6/2022 18:39,1675742,Chevrolet,Silverado,0,0,,369
30695612,27196538,12/2/2022 23:04,1675255,Tesla,Model 3,1,0,,311
888985,27196566,12/8/2022 14:48,1675767,BMW,5 Series,1,1,0.087,0
30607282,27199610,12/13/2022 23:13,1675892,Mercedes-Benz,GLE,0,0,,826
20145176,27201883,12/6/2022 0:15,1675280,Audi,Q3,0,0,,135
20439719,27212636,12/8/2022 16:03,1674897,Toyota,RAV4,0,0,,0
30539781,27217252,12/17/2022 15:45,1681817,Toyota,Tacoma,0,1,0.128,120
30594436,27218902,12/4/2022 14:56,1673271,BMW,5 Series,0,0,,1511
19952868,27219384,12/4/2022 2:02,1675727,Nissan,Sentra,0,1,0.143,850
26317585,27220452,12/5/2022 13:54,1675261,Hyundai,Sonata,0,0,,194
13855281,27226573,12/13/2022 19:08,1675883,Toyota,Tacoma,0,0,,603
30473930,27226949,12/13/2022 7:23,1675870,Land Rover,Range Rover,0,1,0.232,1026
4796164,27227095,12/6/2022 0:17,1675735,Tesla,Model 3,1,0,,312
14732194,27227434,12/5/2022 15:17,1675264,Audi,Q3,0,1,0.066,388
30720542,27228970,12/13/2022 22:36,1675891,Nissan,Leaf,0,0,,195
30642338,27231626,12/9/2022 15:27,1675781,BMW,X3,0,0,,237
30577591,27235282,12/6/2022 23:14,1674831,Porsche,Panamera,0,1,0.04,293
30628629,27235556,12/4/2022 22:46,1670399,Audi,A6,1,0,,189
27126305,27245107,12/5/2022 15:23,1674792,BMW,5 Series,1,0,,937
30723886,27246839,12/5/2022 14:52,1674790,Hyundai,Sonata,0,0,,1229
3676433,27247933,12/7/2022 15:48,1674847,Tesla,Model S,1,0,,245
30671253,27248237,12/8/2022 1:11,1675764,Tesla,Model 3,0,0,,2164
30737186,27248342,12/5/2022 17:00,1675267,Ford,Escape,0,0,,682
30677978,27248370,12/10/2022 18:56,1675808,Porsche,911,1,0,,105
22873344,27248522,12/5/2022 16:38,1674796,Land Rover,Range Rover,0,1,0.072,145
22552120,27250984,12/20/2022 13:39,1683440,Chevrolet,Camaro,0,1,0.134,1085
22206823,27253766,12/23/2022 19:16,1685033,Hyundai,Veloster,1,1,0.092,1098
30730181,27258162,12/11/2022 17:55,1675824,Land Rover,Range Rover,0,0,,473
30746550,27259108,12/9/2022 14:11,1674942,Toyota,RAV4,0,1,0.037,0
30745674,27259334,12/6/2022 2:09,1675282,Hyundai,Sonata,0,0,,1510
30731533,27259676,12/7/2022 0:39,1675294,Nissan,Titan,0,1,0.022,230
909739,27266993,12/9/2022 5:58,1675779,Nissan,Sentra,0,0,,1357
12060579,27267136,12/6/2022 22:26,1674825,Chevrolet,Silverado,0,0,,32
11106871,27267571,12/12/2022 20:27,1675854,Audi,Q3,0,1,0.238,1533
30125064,27271406,12/6/2022 16:50,1675737,Honda,CR-V,0,0,,735
30754780,27272715,12/8/2022 14:59,1675321,Toyota,Corolla,1,0,,569
30757201,27272900,12/13/2022 13:28,1675871,Hyundai,Veloster,0,0,,146
30691384,27273062,12/6/2022 18:18,1675740,Jeep,Wrangler,0,1,0.114,383
19426053,27273643,12/6/2022 17:59,1675739,BMW,3 Series,0,0,,275
2787737,27273708,12/9/2022 18:46,1674965,Nissan,Sentra,0,0,,1492
30758879,27275562,12/6/2022 19:44,1675743,Volkswagen,Beetle,0,1,0.065,1030
11751638,27276255,12/19/2022 18:26,1687223,Volkswagen,Beetle,0,0,,1741
29195623,27276716,12/9/2022 21:52,1686019,Toyota,Tacoma,0,1,0.135,368
4283015,27278471,12/9/2022 22:31,1674992,Nissan,Titan,0,0,,155
30754103,27278755,12/10/2022 18:12,1675804,Toyota,Corolla,0,0,,541
17019924,27279158,12/10/2022 18:22,1675805,Tesla,Model 3,1,1,0.128,0
30762315,27279751,12/8/2022 8:06,1674882,Audi,Q3,0,0,,477
4592344,27280394,12/14/2022 21:04,1683357,Subaru,WRX,0,0,,445
30762912,27282573,12/9/2022 17:00,1674953,Porsche,911,1,0,,51
28266438,27284729,12/7/2022 2:07,1673611,Toyota,RAV4,0,0,,193
891574,27285315,12/8/2022 1:33,1675766,Subaru,Forester,0,0,,79
30767078,27287207,12/10/2022 22:55,1675810,Volkswagen,Passat,0,1,0.083,74
30767221,27288533,12/9/2022 3:33,1675349,Chevrolet,Silverado,0,1,0.129,67
30767090,27288687,12/7/2022 18:11,1675304,Volkswagen,Beetle,0,0,,940
6989912,27293186,12/7/2022 16:26,1673617,Ford,Fusion,0,1,0.03,662
25083167,27293920,12/8/2022 16:43,1675770,Chevrolet,Camaro,1,0,,411
30774035,27295095,12/8/2022 15:13,1675768,Hyundai,Veloster,1,0,,257
30727963,27295609,12/10/2022 18:11,1675803,Toyota,RAV4,0,0,,431
30773957,27296321,12/7/2022 17:44,1675301,Toyota,Corolla,0,0,,701
22625715,27296372,12/7/2022 17:17,1675755,Ford,F-150,0,1,0.079,146
30695720,27296466,12/7/2022 17:50,1675756,Land Rover,Range Rover,0,0,,218
30517148,27299359,12/12/2022 16:51,1675846,Honda,CR-V,0,0,,786
12699079,27299928,12/7/2022 19:44,1675309,Land Rover,Range Rover,0,0,,528
29575722,27300281,12/9/2022 20:54,1674984,Nissan,Sentra,0,0,,1881
30778398,27300381,12/7/2022 20:50,1674864,Chevrolet,Equinox,0,1,0.133,928
30767772,27300426,12/7/2022 20:21,1675759,Jeep,Wrangler,0,1,0.033,38
15349767,27301772,12/13/2022 19:22,1675203,Audi,A4,0,1,0.118,498
2790336,27302046,12/7/2022 22:14,1674868,Tesla,Model S,0,0,,743
30622225,27302308,12/7/2022 22:23,1675761,Tesla,Model 3,0,0,,1751
30416312,27303544,12/14/2022 13:13,1680078,Nissan,Leaf,0,0,,479
30194734,27304253,12/8/2022 2:32,1675317,Jeep,Wrangler,0,1,0.045,0
9368237,27305678,12/9/2022 22:40,1675795,Toyota,Corolla,0,0,,185
29917508,27307382,12/11/2022 14:51,1675815,Hyundai,Veloster,0,0,,562
,27309047,12/10/2022 1:40,1675797,Nissan,Sentra,0,0,,1479
17826353,27311828,12/12/2022 14:33,1675840,Toyota,Corolla,0,0,,1593
13466461,27314483,12/10/2022 18:38,1675807,BMW,X3,1,0,,0
1759132,27320367,12/8/2022 14:33,1682559,Porsche,911,0,0,,894
29599491,27320905,12/8/2022 14:39,1674891,Nissan,Titan,0,1,0.177,892
28293288,27322160,12/13/2022 18:51,1675882,Volkswagen,Passat,1,1,0.025,345
30792803,27322599,12/8/2022 20:12,1675774,Nissan,Sentra,0,0,,764
30789933,27327028,12/9/2022 19:49,1675787,Chevrolet,Camaro,0,0,,974
9572569,27328404,12/10/2022 19:55,1675809,Toyota,Tacoma,0,1,0.08,128
30794923,27329217,12/9/2022 0:28,1679639,Porsche,911,0,0,,72
30796331,27329624,12/8/2022 20:26,1675775,Ford,Mustang,0,0,,44
30533209,27331104,12/11/2022 17:51,1675823,Audi,A6,0,0,,973
30791022,27331594,12/8/2022 21:41,1674920,Jeep,Wrangler,0,0,,368
9745446,27331639,12/8/2022 22:41,1674927,Mercedes-Benz,GLC,0,0,,896
12268634,27335459,12/9/2022 0:01,1674931,Volkswagen,Passat,1,1,0.096,111
30799022,27336575,12/9/2022 22:41,1675796,Nissan,Sentra,0,0,,997
9571808,27341587,12/9/2022 3:55,1673652,Chevrolet,Silverado,0,0,,0
30789000,27341659,12/12/2022 16:05,1679682,Toyota,Tacoma,0,0,,8
28787792,27342695,12/11/2022 16:05,1675817,Hyundai,Veloster,1,0,,846
30579088,27342725,12/9/2022 14:48,1674944,Audi,A4,1,0,,98
25083608,27342786,12/14/2022 16:41,1679787,Ford,Mustang,0,0,,67
30620022,27342873,12/9/2022 5:08,1675778,Mercedes-Benz,GLE,0,0,,642
10066993,27346358,12/13/2022 20:29,1675887,Porsche,Panamera,0,1,0.154,658
2161654,27349778,12/14/2022 15:30,1679777,Audi,Q3,0,1,0.065,638
30737889,27351498,12/12/2022 18:08,1675849,Tesla,Model S,0,0,,1754
23584529,27351775,12/9/2022 18:05,1675785,Volkswagen,Passat,0,0,,1432
13261515,27353076,12/9/2022 18:17,1675786,Honda,CR-V,0,1,0.141,307
14409258,27353253,12/9/2022 17:54,1675784,Audi,A4,0,0,,1011
7096472,27354721,12/12/2022 21:25,1675861,Chevrolet,Camaro,1,0,,0
13427327,27355529,12/11/2022 19:22,1675825,Nissan,Sentra,0,1,0.139,822
17253961,27356125,12/12/2022 14:35,1675841,Porsche,911,0,0,,316
30321560,27357405,12/9/2022 21:10,1675789,Ford,Mustang,0,0,,391
7466449,27357601,12/11/2022 1:18,1675811,Honda,HR-V,0,0,,434
2966026,27365605,12/12/2022 15:26,1679167,Ram,1500,0,1,0.032,129
30434458,27365905,12/14/2022 1:57,1675894,Tesla,Model 3,1,0,,355
30666471,27368234,12/27/2022 16:55,1688736,Honda,HR-V,0,0,,1023
30812517,27372499,12/13/2022 20:49,1675888,Audi,A4,0,1,0.06,0
11013832,27372601,12/11/2022 3:27,1675814,Tesla,Model 3,1,1,0.136,103
30377314,27373405,12/10/2022 20:31,1675417,Ram,1500,0,0,,172
1223060,27374422,12/12/2022 22:46,1675864,Porsche,911,0,0,,603
18282631,27385601,4/23/2023 19:40,1803778,Hyundai,Veloster,0,0,,1366
24027636,27385704,12/12/2022 14:53,1687208,Honda,Civic,1,1,0.089,1077
30833904,27387508,12/11/2022 5:41,1687207,Volkswagen,Beetle,0,0,,190
9737329,27389194,12/13/2022 17:14,1675879,BMW,X3,0,0,,356
1285250,27392308,12/11/2022 16:11,1675818,Volkswagen,Beetle,0,0,,1057
30335668,27395196,12/20/2022 20:52,1681678,Honda,HR-V,1,0,,0
13150192,27395269,12/11/2022 21:06,1675828,Subaru,Forester,0,1,0.282,0
29877544,27396473,12/11/2022 22:19,1675831,Ford,Escape,0,0,,360
12609201,27399220,12/19/2022 20:43,1687224,Ford,Escape,0,0,,257
30844063,27403970,12/16/2022 16:33,1680908,Honda,Civic,0,0,,1337
30819044,27405420,12/12/2022 4:39,1675834,Jeep,Wrangler,1,0,,0
16626125,27408871,12/12/2022 17:52,1675848,Toyota,RAV4,0,0,,258
30768272,27410285,12/12/2022 23:12,1675865,Toyota,Tacoma,1,0,,0
30851445,27411097,12/16/2022 18:12,1679908,Toyota,RAV4,0,0,,221
5555686,27412425,12/12/2022 16:12,1675845,Mercedes-Benz,GLC,0,0,,991
9863554,27413770,12/19/2022 15:09,1681868,Ford,Fusion,0,0,,1464
30854119,27414582,12/12/2022 18:41,1675850,Mercedes-Benz,GLC,0,0,,891
30847651,27415732,12/12/2022 19:20,1675852,Volkswagen,Beetle,0,0,,1699
30486185,27415803,12/12/2022 19:17,1675851,Volkswagen,Beetle,0,0,,561
30855626,27416724,12/13/2022 21:24,1675889,Tesla,Model 3,1,0,,749
30856016,27417141,12/14/2022 18:27,1683352,Audi,A4,0,1,0.09,731
14969787,27417367,12/15/2022 18:11,1683361,Chevrolet,Equinox,0,0,,1261
30668420,27419005,12/12/2022 23:17,1675866,Chevrolet,Silverado,0,0,,381
30858496,27419359,12/14/2022 15:52,1675900,Subaru,Forester,0,0,,742
2367251,27419736,12/12/2022 21:55,1675862,Tesla,Model 3,1,0,,1454
30835006,27420008,12/17/2022 18:19,1678960,Ram,1500,0,1,0.074,516
30855098,27423699,12/13/2022 17:13,1675878,Porsche,Panamera,0,0,,1219
30861223,27424145,12/13/2022 2:15,1675868,Subaru,WRX,1,0,,1076
11075580,27426792,12/13/2022 3:36,1681721,Nissan,Leaf,1,0,,734
16643612,27430317,12/21/2022 0:14,1687231,Toyota,RAV4,0,1,0.098,367
7093613,27432377,12/13/2022 13:35,1675872,Nissan,Sentra,0,1,0.112,1027
30870900,27437506,12/15/2022 15:11,1681549,Chevrolet,Silverado,0,1,0.096,298
10433356,27437922,12/15/2022 14:30,1687210,Ram,1500,1,1,0.032,0
6671173,27438076,12/20/2022 15:44,1682605,Toyota,Tacoma,0,1,0.079,8
29552111,27440007,12/13/2022 18:12,1679731,Porsche,911,0,0,,1156
23160094,27441617,12/13/2022 19:31,1675885,Subaru,WRX,1,0,,1144
8525414,27445279,12/13/2022 21:51,1675890,Honda,CR-V,0,0,,427
30853090,27447865,12/14/2022 0:11,1675893,Audi,A6,1,0,,1
17113478,27448474,12/22/2022 17:33,1686103,Audi,A6,1,1,0.119,206
30878619,27449173,12/16/2022 16:53,1679903,Nissan,Sentra,0,0,,421
30863176,27449575,12/16/2022 20:20,1687214,Nissan,Sentra,0,1,0.136,842
2965291,27450178,12/14/2022 2:01,1675895,Porsche,Panamera,1,0,,482
2507973,27452512,12/16/2022 15:58,1679898,Tesla,Model S,0,0,,1372
22565000,27455328,12/14/2022 6:03,1675896,Audi,A4,0,0,,1070
29298200,27459188,12/22/2022 23:42,1686741,Tesla,Model S,1,0,,1044
30858798,27460386,12/14/2022 15:26,1675899,Ford,Mustang,0,1,0.148,706
30888343,27465028,12/14/2022 18:50,1679794,Subaru,Forester,1,0,,0
30892130,27468222,12/16/2022 15:03,1687213,Mercedes-Benz,GLC,0,0,,802
29482601,27468548,12/14/2022 22:54,1681750,BMW,X3,0,0,,554
30539422,27469186,12/16/2022 16:59,1681584,Subaru,WRX,0,1,0.136,1584
23150487,27471238,12/16/2022 0:50,1687211,Ram,1500,0,1,0.089,187
1352433,27481615,12/18/2022 22:02,1687221,Chevrolet,Silverado,0,1,0.108,0
30323817,27484964,12/15/2022 15:34,1675906,Honda,HR-V,0,0,,521
587574,27485357,12/15/2022 16:15,1680578,Subaru,Forester,0,0,,423
29672141,27486209,12/15/2022 16:27,1675916,Subaru,Forester,0,0,,347
30860405,27486222,12/16/2022 22:29,1684230,BMW,3 Series,0,0,,426
12529754,27486481,12/15/2022 17:06,1679841,Mercedes-Benz,S-Class,1,0,,871
30909433,27492735,12/15/2022 21:21,1683365,Hyundai,Veloster,1,1,0.138,539
30909046,27493870,12/16/2022 22:13,1681594,Audi,A6,0,1,0.134,435
30815474,27493921,12/15/2022 22:47,1679867,Ford,F-150,0,0,,376
21437896,27498404,12/17/2022 21:38,1687218,Audi,Q3,0,0,,965
30748912,27499240,12/18/2022 17:03,1683402,Volkswagen,Passat,0,0,,1685
976114,27506832,12/17/2022 0:14,1683382,Mercedes-Benz,GLC,1,1,0.056,483
30879527,27509853,12/21/2022 18:28,1683470,Chevrolet,Silverado,0,0,,0
30045298,27512781,12/20/2022 14:32,1684276,Toyota,Corolla,1,0,,0
22846357,27513421,12/19/2022 14:59,1683418,Volkswagen,Passat,0,0,,1068
30888199,27515046,12/18/2022 18:50,1687219,Audi,A6,1,0,,1212
30810119,27515673,12/16/2022 23:09,1681807,Chevrolet,Equinox,1,1,0.066,12
30924705,27517407,12/19/2022 21:10,1685017,Nissan,Leaf,0,0,,149
30927188,27518179,12/18/2022 17:54,1683405,Mercedes-Benz,E-Class,0,0,,1485
28041772,27520986,12/20/2022 17:47,1686060,Tesla,Model 3,1,0,,942
30828939,27521929,12/27/2022 23:43,1688252,Subaru,WRX,0,0,,1413
3301220,27522848,12/22/2022 14:41,1686101,BMW,3 Series,0,0,,1129
13114126,27526517,12/17/2022 15:59,1683387,Toyota,Corolla,0,0,,455
26707460,27526650,12/27/2022 16:17,1688731,Hyundai,Veloster,0,0,,1452
135937,27526924,12/22/2022 21:26,1683483,Chevrolet,Silverado,0,0,,517
9416162,27530066,12/21/2022 13:49,1685584,Mercedes-Benz,GLE,1,1,0.069,36
30511107,27530468,12/23/2022 18:31,1686774,Tesla,Model 3,1,0,,1976
29215804,27531391,12/17/2022 20:06,1681824,Audi,Q3,1,0,,48
,27531642,12/17/2022 20:12,1687217,Chevrolet,Silverado,0,0,,486
30936847,27532083,12/19/2022 14:36,1683417,Tesla,Model 3,1,1,0.086,290
30938470,27539829,12/23/2022 0:04,1687587,Chevrolet,Equinox,1,0,,225
20108161,27544944,12/19/2022 16:23,1683419,Mercedes-Benz,S-Class,0,0,,1836
30847021,27546588,12/26/2022 21:15,1688699,Ford,Fusion,0,0,,1802
24068496,27547861,12/18/2022 19:32,1683406,Nissan,Leaf,0,0,,1291
30950132,27548147,1/5/2023 19:28,1693857,Tesla,Model S,1,0,,537
30797132,27549093,12/29/2022 21:13,1688298,Toyota,RAV4,0,1,0.032,9
8307224,27550331,12/23/2022 22:22,1686149,Subaru,WRX,0,0,,1206
30953810,27551776,12/19/2022 23:55,1685018,Toyota,Tacoma,0,0,,448
30809997,27552717,12/23/2022 0:22,1687589,Ford,Escape,0,0,,581
30827616,27556432,12/19/2022 3:11,1683411,Tesla,Model 3,1,0,,0
30943328,27557854,12/20/2022 18:11,1687228,Mercedes-Benz,S-Class,0,0,,1565
30951124,27559373,12/19/2022 7:01,1683413,Mercedes-Benz,E-Class,0,0,,1497
30539078,27561777,12/22/2022 17:18,1686728,Ford,F-150,0,0,,398
30384165,27562485,12/19/2022 16:35,1683420,Tesla,Model 3,0,0,,900
30967393,27566869,12/21/2022 14:19,1685211,Mercedes-Benz,GLC,1,0,,610
28779710,27567272,12/20/2022 1:25,1682603,Volkswagen,Beetle,1,1,0.02,266
15444740,27568102,12/20/2022 1:05,1682602,Toyota,Tacoma,0,1,0.149,98
30870720,27568731,12/27/2022 13:14,1688228,Tesla,Model S,1,0,,884
22267432,27569348,12/19/2022 21:47,1683432,Ford,F-150,0,1,0.132,270
14798458,27573823,12/22/2022 23:59,1687586,BMW,3 Series,0,0,,1009
30952443,27574376,12/21/2022 2:48,1683461,Ram,1500,0,0,,255
30973849,27576817,12/20/2022 3:31,1687226,Honda,HR-V,0,0,,263
30973614,27576818,12/22/2022 16:45,1686725,Hyundai,Veloster,0,0,,793
9257585,27579750,12/23/2022 6:33,1687593,Nissan,Leaf,0,0,,1369
,27580184,12/20/2022 8:00,1682604,Nissan,Leaf,0,0,,292
5630934,27580292,12/21/2022 1:45,1687236,Hyundai,Veloster,0,0,,868
30979518,27585346,12/28/2022 17:47,1688274,Honda,Civic,0,0,,1707
30962143,27587084,12/21/2022 16:40,1683466,Land Rover,Range Rover,0,0,,43
30510242,27587162,12/23/2022 15:27,1686761,Ford,F-150,0,0,,276
30978248,27590077,12/20/2022 22:53,1683454,Toyota,Corolla,1,1,0.058,0
30942348,27595937,12/20/2022 23:12,1687230,Mercedes-Benz,GLE,0,0,,568
29562028,27597907,12/22/2022 20:53,1687580,Chevrolet,Silverado,0,1,0.109,56
11289739,27597966,12/21/2022 0:52,1687233,Subaru,WRX,0,0,,942
29847090,27598028,12/21/2022 1:20,1687234,Hyundai,Veloster,0,1,0.074,381
25749096,27599247,12/22/2022 23:28,1687585,Hyundai,Sonata,1,0,,708
30110419,27599892,12/21/2022 16:04,1683464,Porsche,911,1,1,0.096,5
30992135,27603253,12/21/2022 5:37,1686071,BMW,5 Series,0,0,,1066
30986638,27608142,12/26/2022 1:36,1688657,Mercedes-Benz,GLE,0,1,0.077,327
30808233,27613492,12/22/2022 20:25,1686107,Tesla,Model 3,1,0,,280
30979425,27614993,12/27/2022 18:42,1688742,Honda,CR-V,0,1,0.16,1250
26211940,27615808,12/22/2022 20:54,1686109,Subaru,WRX,0,0,,1083
12021706,27617569,12/26/2022 22:44,1686184,Porsche,Panamera,0,1,0.038,668
30866146,27618507,12/27/2022 19:03,1688238,Porsche,911,0,1,0.092,944
31003016,27619590,12/23/2022 15:28,1687603,Ram,1500,0,1,0.042,104
25067094,27620877,12/22/2022 22:18,1687583,Ford,Escape,1,0,,123
20097945,27622555,12/27/2022 21:29,1688248,Mercedes-Benz,GLC,0,1,0.143,1173
7468198,27623522,12/23/2022 16:18,1686132,Mercedes-Benz,GLE,0,0,,558
30999475,27625907,12/22/2022 6:07,1686097,Ford,F-150,0,0,,266
30234012,27633467,12/26/2022 17:37,1688204,Jeep,Wrangler,0,0,,392
19958639,27638663,12/22/2022 23:03,1687584,Mercedes-Benz,S-Class,0,0,,1337
30979720,27638722,12/29/2022 21:55,1688300,Toyota,Tacoma,0,1,0.144,528
30986764,27639876,12/23/2022 13:48,1687598,Audi,A4,0,0,,711
15908449,27642470,12/23/2022 13:21,1687597,Honda,CR-V,0,0,,1169
30733423,27642884,12/23/2022 0:35,1686744,Ford,Fusion,1,0,,321
21727357,27643343,12/23/2022 13:11,1687595,Mercedes-Benz,GLE,1,0,,39
31015969,27644040,12/23/2022 2:02,1686748,Porsche,Panamera,1,0,,760
30664430,27644751,12/23/2022 2:32,1687591,Chevrolet,Camaro,1,0,,513
11475600,27647987,12/23/2022 5:09,1687592,Porsche,911,1,0,,310
30953440,27649500,12/23/2022 7:49,1687594,Chevrolet,Silverado,0,0,,475
9786381,27654150,12/23/2022 16:30,1686767,Ford,Fusion,0,0,,1490
17181719,27654410,12/27/2022 15:00,1688727,Mercedes-Benz,S-Class,1,0,,1030
31019868,27654699,12/24/2022 17:52,1688174,Hyundai,Veloster,1,0,,394
29588289,27657701,12/23/2022 21:07,1685780,BMW,5 Series,0,0,,576
8242719,27663544,12/24/2022 22:04,1686164,BMW,5 Series,0,1,0.154,1578
22743460,27666926,12/24/2022 18:27,1688175,Ford,F-150,0,1,0.065,320
31018962,27668813,12/24/2022 11:47,1688166,Subaru,WRX,1,0,,461
30942603,27670820,12/24/2022 15:21,1688170,Tesla,Model S,0,0,,1747
11597494,27671089,12/26/2022 18:02,1688206,Honda,Civic,0,0,,1310
7077170,27673974,12/25/2022 15:04,1688652,Chevrolet,Malibu,0,0,,340
31040990,27676194,12/26/2022 16:20,1688201,Nissan,Sentra,0,0,,1307
27044931,27684822,12/26/2022 20:30,1686180,Nissan,Sentra,0,0,,0
31048739,27685650,12/25/2022 19:53,1686167,Hyundai,Veloster,0,1,0.082,780
17321242,27693414,12/26/2022 19:37,1688211,Ford,F-150,0,1,0.144,252
30573282,27698006,12/26/2022 15:18,1688197,Porsche,Panamera,0,0,,1083
31057460,27698735,12/26/2022 17:00,1688677,Chevrolet,Malibu,1,1,0.073,441
31059917,27700772,12/28/2022 14:40,1688262,Toyota,Tacoma,0,0,,316
28307505,27704540,12/26/2022 22:18,1688702,Toyota,Tacoma,0,1,0.172,0
13867063,27706716,12/26/2022 22:12,1688701,Ford,Mustang,0,0,,310
30839251,27709243,12/27/2022 12:44,1688227,Porsche,Panamera,0,0,,1529
,27709988,12/27/2022 1:11,1688713,Mercedes-Benz,GLE,0,0,,425
31067239,27710419,12/29/2022 12:45,1688292,Ford,Fusion,1,1,0.031,281
30970617,27714567,12/28/2022 19:28,1689136,BMW,5 Series,1,1,0.048,331
30958822,27716953,12/27/2022 21:18,1688755,Chevrolet,Equinox,0,0,,931
31038080,27719777,12/27/2022 14:54,1688726,Audi,A6,1,0,,361
31076602,27722509,12/27/2022 17:17,1688235,Audi,Q3,0,0,,192
31081640,27725436,12/27/2022 18:43,1688743,BMW,3 Series,0,1,0.052,1769
31083001,27732103,12/27/2022 22:55,1688765,Chevrolet,Equinox,0,0,,568
27604422,27734482,12/27/2022 23:43,1688253,Subaru,Forester,0,0,,295
20725480,27737328,12/28/2022 1:12,1688258,Subaru,Forester,0,0,,219
31092714,27745541,12/28/2022 11:07,1688260,Ford,Mustang,0,0,,554
17164928,27749896,12/28/2022 18:56,1688278,Mercedes-Benz,GLC,0,0,,1567
7863282,27756072,12/28/2022 20:17,1688284,Mercedes-Benz,GLE,0,0,,870
