channel_id,date,spend
1,2022-06-01,134.07
1,2022-06-02,45.11
1,2022-06-03,66.23
1,2022-06-04,28.03
1,2022-06-05,33.95
1,2022-06-06,89.28
1,2022-06-07,159.16
1,2022-06-08,11.44
1,2022-06-09,294.64
1,2022-06-10,18.18
1,2022-06-11,7.79
1,2022-06-12,75.71
1,2022-06-13,111.34
1,2022-06-14,132.31
1,2022-06-15,17.33
1,2022-06-16,43.54
1,2022-06-17,256.24
1,2022-06-18,45.88
1,2022-06-19,27.04
1,2022-06-20,254.77
1,2022-06-21,278.88
1,2022-06-22,220.65
1,2022-06-23,109.48
1,2022-06-24,66.24
1,2022-06-25,52.02
1,2022-06-26,287.31
1,2022-06-27,135.19
1,2022-06-28,43.58
1,2022-06-29,16.09
1,2022-06-30,162.61
1,2022-07-01,78.66
1,2022-07-02,20.58
1,2022-07-03,24.88
1,2022-07-04,230.45
1,2022-07-05,2.6
1,2022-07-06,134.51
1,2022-07-07,0.56
1,2022-07-08,142.0
1,2022-07-09,49.3
1,2022-07-10,77.1
1,2022-07-11,50.12
1,2022-07-12,16.65
1,2022-07-13,39.84
1,2022-07-14,1.56
1,2022-07-15,80.24
1,2022-07-16,98.98
1,2022-07-17,105.85
1,2022-07-18,103.86
1,2022-07-19,541.98
1,2022-07-20,88.6
1,2022-07-21,65.48
1,2022-07-22,36.53
1,2022-07-23,227.42
1,2022-07-24,2.47
1,2022-07-25,91.16
1,2022-07-26,516.87
1,2022-07-27,320.79
1,2022-07-28,218.0
1,2022-07-29,41.62
1,2022-07-30,53.15
1,2022-07-31,86.83
1,2022-08-01,15.29
1,2022-08-02,532.05
1,2022-08-03,41.92
1,2022-08-04,230.15
1,2022-08-05,182.82
1,2022-08-06,18.46
1,2022-08-07,198.36
1,2022-08-08,2.23
1,2022-08-09,31.18
1,2022-08-10,63.59
1,2022-08-11,20.19
1,2022-08-12,0.6
1,2022-08-13,62.42
1,2022-08-14,154.23
1,2022-08-15,32.66
1,2022-08-16,17.24
1,2022-08-17,127.12
1,2022-08-18,76.85
1,2022-08-19,87.58
1,2022-08-20,8.02
1,2022-08-21,94.85
1,2022-08-22,12.92
1,2022-08-23,262.17
1,2022-08-24,216.39
1,2022-08-25,121.62
1,2022-08-26,265.97
1,2022-08-27,9.93
1,2022-08-28,484.15
1,2022-08-29,97.23
1,2022-08-30,40.25
1,2022-08-31,113.17
1,2022-09-01,127.24
1,2022-09-02,141.7
1,2022-09-03,52.18
1,2022-09-04,7.06
1,2022-09-05,7.42
1,2022-09-06,173.31
1,2022-09-07,103.79
1,2022-09-08,63.17
1,2022-09-09,67.17
1,2022-09-10,32.02
1,2022-09-11,59.22
1,2022-09-12,12.74
1,2022-09-13,16.42
1,2022-09-14,171.66
1,2022-09-15,190.61
1,2022-09-16,247.0
1,2022-09-17,314.68
1,2022-09-18,30.65
1,2022-09-19,37.12
1,2022-09-20,56.24
1,2022-09-21,33.72
1,2022-09-22,18.64
1,2022-09-23,41.51
1,2022-09-24,53.94
1,2022-09-25,52.01
1,2022-09-26,71.28
1,2022-09-27,6.79
1,2022-09-28,158.05
1,2022-09-29,81.49
1,2022-09-30,126.2
1,2022-10-01,133.21
1,2022-10-02,236.95
1,2022-10-03,25.82
1,2022-10-04,348.26
1,2022-10-05,4.79
1,2022-10-06,52.4
1,2022-10-07,73.76
1,2022-10-08,138.07
1,2022-10-09,310.56
1,2022-10-10,32.12
1,2022-10-11,127.27
1,2022-10-12,21.55
1,2022-10-13,54.03
1,2022-10-14,95.06
1,2022-10-15,173.26
1,2022-10-16,683.71
1,2022-10-17,216.54
1,2022-10-18,64.1
1,2022-10-19,17.16
1,2022-10-20,83.93
1,2022-10-21,118.87
1,2022-10-22,1.94
1,2022-10-23,40.19
1,2022-10-24,236.69
1,2022-10-25,225.73
1,2022-10-26,33.99
1,2022-10-27,15.64
1,2022-10-28,335.61
1,2022-10-29,22.89
1,2022-10-30,204.65
1,2022-10-31,48.79
1,2022-11-01,130.51
1,2022-11-02,10.69
1,2022-11-03,54.92
1,2022-11-04,271.47
1,2022-11-05,27.23
1,2022-11-06,82.71
1,2022-11-07,15.38
1,2022-11-08,15.57
1,2022-11-09,59.22
1,2022-11-10,81.77
1,2022-11-11,140.37
1,2022-11-12,108.07
1,2022-11-13,410.74
1,2022-11-14,75.91
1,2022-11-15,7.88
1,2022-11-16,90.8
1,2022-11-17,15.9
1,2022-11-18,46.05
1,2022-11-19,76.99
1,2022-11-20,327.61
1,2022-11-21,448.2
1,2022-11-22,121.84
1,2022-11-23,5.11
1,2022-11-24,203.35
1,2022-11-25,2.4
1,2022-11-26,338.26
1,2022-11-27,67.85
1,2022-11-28,13.18
1,2022-11-29,288.85
1,2022-11-30,260.52
1,2022-12-01,105.61
1,2022-12-02,35.07
1,2022-12-03,53.4
1,2022-12-04,271.57
1,2022-12-05,321.14
1,2022-12-06,90.61
1,2022-12-07,84.71
1,2022-12-08,136.23
1,2022-12-09,142.69
1,2022-12-10,27.74
1,2022-12-11,70.36
1,2022-12-12,127.29
1,2022-12-13,1.91
1,2022-12-14,6.78
1,2022-12-15,150.3
1,2022-12-16,384.15
1,2022-12-17,10.17
1,2022-12-18,104.27
1,2022-12-19,108.45
1,2022-12-20,21.22
1,2022-12-21,11.87
1,2022-12-22,537.31
1,2022-12-23,1.06
1,2022-12-24,84.59
1,2022-12-25,385.22
1,2022-12-26,63.3
1,2022-12-27,129.29
1,2022-12-28,200.81
1,2022-12-29,156.8
1,2022-12-30,149.17
1,2022-12-31,100.6
2,2022-06-01,54.45
2,2022-06-02,41.66
2,2022-06-03,119.67
2,2022-06-04,36.6
2,2022-06-05,24.85
2,2022-06-06,75.35
2,2022-06-07,255.3
2,2022-06-08,294.38
2,2022-06-09,16.72
2,2022-06-10,231.89
2,2022-06-11,55.71
2,2022-06-12,44.06
2,2022-06-13,318.31
2,2022-06-14,45.74
2,2022-06-15,69.25
2,2022-06-16,190.49
2,2022-06-17,65.83
2,2022-06-18,330.62
2,2022-06-19,17.32
2,2022-06-20,178.9
2,2022-06-21,167.93
2,2022-06-22,432.58
2,2022-06-23,167.12
2,2022-06-24,465.34
2,2022-06-25,184.3
2,2022-06-26,114.21
2,2022-06-27,209.9
2,2022-06-28,103.02
2,2022-06-29,231.13
2,2022-06-30,36.58
2,2022-07-01,201.37
2,2022-07-02,87.0
2,2022-07-03,31.66
2,2022-07-04,66.19
2,2022-07-05,57.0
2,2022-07-06,244.24
2,2022-07-07,235.75
2,2022-07-08,66.56
2,2022-07-09,207.35
2,2022-07-10,144.91
2,2022-07-11,93.53
2,2022-07-12,147.01
2,2022-07-13,186.14
2,2022-07-14,75.28
2,2022-07-15,7.85
2,2022-07-16,539.51
2,2022-07-17,783.44
2,2022-07-18,5.52
2,2022-07-19,25.05
2,2022-07-20,49.13
2,2022-07-21,232.05
2,2022-07-22,10.49
2,2022-07-23,92.07
2,2022-07-24,161.61
2,2022-07-25,48.44
2,2022-07-26,238.71
2,2022-07-27,34.01
2,2022-07-28,45.7
2,2022-07-29,9.49
2,2022-07-30,3.87
2,2022-07-31,416.07
2,2022-08-01,300.79
2,2022-08-02,1135.9
2,2022-08-03,153.42
2,2022-08-04,64.01
2,2022-08-05,203.74
2,2022-08-06,459.07
2,2022-08-07,46.13
2,2022-08-08,53.65
2,2022-08-09,41.77
2,2022-08-10,45.74
2,2022-08-11,12.73
2,2022-08-12,99.7
2,2022-08-13,1.17
2,2022-08-14,72.88
2,2022-08-15,9.06
2,2022-08-16,340.3
2,2022-08-17,105.02
2,2022-08-18,27.94
2,2022-08-19,7.75
2,2022-08-20,38.75
2,2022-08-21,292.07
2,2022-08-22,492.69
2,2022-08-23,120.95
2,2022-08-24,5.06
2,2022-08-25,0.49
2,2022-08-26,48.71
2,2022-08-27,26.97
2,2022-08-28,197.24
2,2022-08-29,135.93
2,2022-08-30,15.06
2,2022-08-31,286.69
2,2022-09-01,61.86
2,2022-09-02,265.32
2,2022-09-03,219.73
2,2022-09-04,98.02
2,2022-09-05,106.59
2,2022-09-06,3.0
2,2022-09-07,145.04
2,2022-09-08,105.18
2,2022-09-09,31.47
2,2022-09-10,65.7
2,2022-09-11,269.87
2,2022-09-12,5.77
2,2022-09-13,212.67
2,2022-09-14,4.19
2,2022-09-15,271.01
2,2022-09-16,24.79
2,2022-09-17,43.64
2,2022-09-18,381.51
2,2022-09-19,33.21
2,2022-09-20,60.16
2,2022-09-21,26.57
2,2022-09-22,79.29
2,2022-09-23,249.67
2,2022-09-24,158.19
2,2022-09-25,345.07
2,2022-09-26,32.84
2,2022-09-27,54.42
2,2022-09-28,86.68
2,2022-09-29,176.16
2,2022-09-30,179.19
2,2022-10-01,46.53
2,2022-10-02,482.62
2,2022-10-03,136.78
2,2022-10-04,252.8
2,2022-10-05,2.6
2,2022-10-06,49.4
2,2022-10-07,254.02
2,2022-10-08,243.42
2,2022-10-09,37.96
2,2022-10-10,112.42
2,2022-10-11,19.6
2,2022-10-12,36.08
2,2022-10-13,265.43
2,2022-10-14,148.16
2,2022-10-15,64.52
2,2022-10-16,54.6
2,2022-10-17,6.65
2,2022-10-18,98.58
2,2022-10-19,121.42
2,2022-10-20,366.54
2,2022-10-21,7.29
2,2022-10-22,189.49
2,2022-10-23,24.84
2,2022-10-24,75.93
2,2022-10-25,264.37
2,2022-10-26,107.48
2,2022-10-27,7.67
2,2022-10-28,106.64
2,2022-10-29,64.36
2,2022-10-30,57.53
2,2022-10-31,24.77
2,2022-11-01,16.45
2,2022-11-02,184.38
2,2022-11-03,135.73
2,2022-11-04,10.28
2,2022-11-05,77.27
2,2022-11-06,189.73
2,2022-11-07,276.94
2,2022-11-08,26.47
2,2022-11-09,247.02
2,2022-11-10,11.81
2,2022-11-11,55.64
2,2022-11-12,22.98
2,2022-11-13,1.97
2,2022-11-14,255.21
2,2022-11-15,23.82
2,2022-11-16,340.93
2,2022-11-17,100.07
2,2022-11-18,258.1
2,2022-11-19,29.86
2,2022-11-20,125.36
2,2022-11-21,190.76
2,2022-11-22,33.85
2,2022-11-23,297.2
2,2022-11-24,60.84
2,2022-11-25,103.04
2,2022-11-26,378.87
2,2022-11-27,167.82
2,2022-11-28,154.22
2,2022-11-29,286.53
2,2022-11-30,277.44
2,2022-12-01,188.57
2,2022-12-02,194.52
2,2022-12-03,29.02
2,2022-12-04,330.59
2,2022-12-05,8.47
2,2022-12-06,198.6
2,2022-12-07,207.35
2,2022-12-08,60.41
2,2022-12-09,54.58
2,2022-12-10,50.3
2,2022-12-11,145.08
2,2022-12-12,103.88
2,2022-12-13,118.34
2,2022-12-14,70.25
2,2022-12-15,29.38
2,2022-12-16,35.19
2,2022-12-17,75.02
2,2022-12-18,194.17
2,2022-12-19,16.46
2,2022-12-20,80.7
2,2022-12-21,431.32
2,2022-12-22,417.66
2,2022-12-23,387.76
2,2022-12-24,11.34
2,2022-12-25,252.95
2,2022-12-26,90.02
2,2022-12-27,17.32
2,2022-12-28,3.9
2,2022-12-29,231.93
2,2022-12-30,114.95
2,2022-12-31,14.43
3,2022-06-01,18.91
3,2022-06-02,64.43
3,2022-06-03,166.65
3,2022-06-04,104.23
3,2022-06-05,53.93
3,2022-06-06,133.84
3,2022-06-07,132.6
3,2022-06-08,294.29
3,2022-06-09,11.75
3,2022-06-10,277.23
3,2022-06-11,136.3
3,2022-06-12,471.89
3,2022-06-13,107.0
3,2022-06-14,25.48
3,2022-06-15,3.87
3,2022-06-16,12.86
3,2022-06-17,85.21
3,2022-06-18,81.22
3,2022-06-19,213.87
3,2022-06-20,31.43
3,2022-06-21,57.49
3,2022-06-22,6.63
3,2022-06-23,264.57
3,2022-06-24,11.45
3,2022-06-25,294.8
3,2022-06-26,527.1
3,2022-06-27,26.76
3,2022-06-28,72.48
3,2022-06-29,97.6
3,2022-06-30,181.55
3,2022-07-01,121.59
3,2022-07-02,342.15
3,2022-07-03,59.03
3,2022-07-04,151.98
3,2022-07-05,78.93
3,2022-07-06,19.41
3,2022-07-07,121.05
3,2022-07-08,55.28
3,2022-07-09,305.88
3,2022-07-10,362.01
3,2022-07-11,77.89
3,2022-07-12,79.18
3,2022-07-13,29.05
3,2022-07-14,282.48
3,2022-07-15,16.12
3,2022-07-16,114.12
3,2022-07-17,140.59
3,2022-07-18,39.27
3,2022-07-19,104.29
3,2022-07-20,106.26
3,2022-07-21,20.93
3,2022-07-22,69.63
3,2022-07-23,135.65
3,2022-07-24,191.38
3,2022-07-25,141.06
3,2022-07-26,5.2
3,2022-07-27,169.7
3,2022-07-28,2.31
3,2022-07-29,108.56
3,2022-07-30,81.9
3,2022-07-31,20.28
3,2022-08-01,131.16
3,2022-08-02,24.01
3,2022-08-03,178.07
3,2022-08-04,16.94
3,2022-08-05,36.85
3,2022-08-06,152.76
3,2022-08-07,10.17
3,2022-08-08,25.24
3,2022-08-09,104.61
3,2022-08-10,233.47
3,2022-08-11,1.42
3,2022-08-12,34.18
3,2022-08-13,29.24
3,2022-08-14,501.78
3,2022-08-15,63.82
3,2022-08-16,178.5
3,2022-08-17,30.5
3,2022-08-18,174.27
3,2022-08-19,237.11
3,2022-08-20,157.48
3,2022-08-21,18.96
3,2022-08-22,128.97
3,2022-08-23,224.69
3,2022-08-24,143.37
3,2022-08-25,85.43
3,2022-08-26,158.63
3,2022-08-27,180.83
3,2022-08-28,120.92
3,2022-08-29,8.92
3,2022-08-30,436.42
3,2022-08-31,7.64
3,2022-09-01,42.57
3,2022-09-02,95.46
3,2022-09-03,76.2
3,2022-09-04,14.06
3,2022-09-05,4.35
3,2022-09-06,50.38
3,2022-09-07,261.14
3,2022-09-08,2.11
3,2022-09-09,85.7
3,2022-09-10,77.43
3,2022-09-11,14.09
3,2022-09-12,217.58
3,2022-09-13,130.84
3,2022-09-14,94.74
3,2022-09-15,5.04
3,2022-09-16,50.21
3,2022-09-17,20.78
3,2022-09-18,265.42
3,2022-09-19,0.83
3,2022-09-20,183.81
3,2022-09-21,162.74
3,2022-09-22,254.25
3,2022-09-23,11.51
3,2022-09-24,172.33
3,2022-09-25,68.51
3,2022-09-26,61.85
3,2022-09-27,0.74
3,2022-09-28,51.98
3,2022-09-29,118.27
3,2022-09-30,149.13
3,2022-10-01,95.16
3,2022-10-02,111.66
3,2022-10-03,327.82
3,2022-10-04,58.81
3,2022-10-05,2.15
3,2022-10-06,202.81
3,2022-10-07,23.91
3,2022-10-08,8.53
3,2022-10-09,306.43
3,2022-10-10,50.26
3,2022-10-11,61.45
3,2022-10-12,24.59
3,2022-10-13,37.07
3,2022-10-14,292.32
3,2022-10-15,348.9
3,2022-10-16,59.02
3,2022-10-17,293.69
3,2022-10-18,386.67
3,2022-10-19,60.15
3,2022-10-20,69.35
3,2022-10-21,28.77
3,2022-10-22,79.5
3,2022-10-23,87.24
3,2022-10-24,105.66
3,2022-10-25,10.74
3,2022-10-26,139.02
3,2022-10-27,139.85
3,2022-10-28,8.14
3,2022-10-29,67.68
3,2022-10-30,556.61
3,2022-10-31,63.45
3,2022-11-01,170.54
3,2022-11-02,48.28
3,2022-11-03,89.44
3,2022-11-04,56.6
3,2022-11-05,258.09
3,2022-11-06,21.41
3,2022-11-07,53.94
3,2022-11-08,245.16
3,2022-11-09,18.6
3,2022-11-10,37.32
3,2022-11-11,2.05
3,2022-11-12,17.12
3,2022-11-13,302.21
3,2022-11-14,233.19
3,2022-11-15,226.65
3,2022-11-16,119.84
3,2022-11-17,41.02
3,2022-11-18,207.43
3,2022-11-19,139.08
3,2022-11-20,41.89
3,2022-11-21,127.01
3,2022-11-22,167.22
3,2022-11-23,260.87
3,2022-11-24,98.59
3,2022-11-25,49.51
3,2022-11-26,13.23
3,2022-11-27,16.22
3,2022-11-28,0.38
3,2022-11-29,91.0
3,2022-11-30,82.21
3,2022-12-01,61.07
3,2022-12-02,81.82
3,2022-12-03,244.16
3,2022-12-04,36.12
3,2022-12-05,187.3
3,2022-12-06,6.47
3,2022-12-07,174.92
3,2022-12-08,64.37
3,2022-12-09,10.3
3,2022-12-10,256.24
3,2022-12-11,47.63
3,2022-12-12,247.75
3,2022-12-13,0.58
3,2022-12-14,143.33
3,2022-12-15,104.25
3,2022-12-16,178.75
3,2022-12-17,163.16
3,2022-12-18,164.3
3,2022-12-19,32.65
3,2022-12-20,100.27
3,2022-12-21,95.4
3,2022-12-22,258.33
3,2022-12-23,19.54
3,2022-12-24,161.69
3,2022-12-25,70.46
3,2022-12-26,34.89
3,2022-12-27,27.38
3,2022-12-28,94.65
3,2022-12-29,72.94
3,2022-12-30,403.93
3,2022-12-31,11.0
4,2022-06-01,108.36
4,2022-06-02,8.55
4,2022-06-03,67.86
4,2022-06-04,18.03
4,2022-06-05,45.13
4,2022-06-06,185.41
4,2022-06-07,49.99
4,2022-06-08,21.07
4,2022-06-09,43.8
4,2022-06-10,0.82
4,2022-06-11,58.68
4,2022-06-12,96.76
4,2022-06-13,106.77
4,2022-06-14,6.07
4,2022-06-15,216.63
4,2022-06-16,80.68
4,2022-06-17,15.14
4,2022-06-18,21.68
4,2022-06-19,63.22
4,2022-06-20,19.94
4,2022-06-21,32.82
4,2022-06-22,121.53
4,2022-06-23,12.4
4,2022-06-24,54.34
4,2022-06-25,25.33
4,2022-06-26,219.83
4,2022-06-27,16.44
4,2022-06-28,4.19
4,2022-06-29,13.4
4,2022-06-30,45.73
4,2022-07-01,73.47
4,2022-07-02,27.17
4,2022-07-03,5.94
4,2022-07-04,45.48
4,2022-07-05,42.97
4,2022-07-06,34.14
4,2022-07-07,149.89
4,2022-07-08,57.67
4,2022-07-09,41.62
4,2022-07-10,35.12
4,2022-07-11,19.63
4,2022-07-12,0.99
4,2022-07-13,23.5
4,2022-07-14,219.74
4,2022-07-15,57.35
4,2022-07-16,22.96
4,2022-07-17,22.64
4,2022-07-18,23.76
4,2022-07-19,12.86
4,2022-07-20,43.49
4,2022-07-21,103.02
4,2022-07-22,3.76
4,2022-07-23,71.2
4,2022-07-24,104.6
4,2022-07-25,7.36
4,2022-07-26,25.38
4,2022-07-27,82.86
4,2022-07-28,20.93
4,2022-07-29,80.55
4,2022-07-30,11.86
4,2022-07-31,23.07
4,2022-08-01,62.09
4,2022-08-02,71.7
4,2022-08-03,15.26
4,2022-08-04,32.71
4,2022-08-05,45.6
4,2022-08-06,58.31
4,2022-08-07,141.04
4,2022-08-08,25.59
4,2022-08-09,8.48
4,2022-08-10,198.44
4,2022-08-11,37.1
4,2022-08-12,137.43
4,2022-08-13,108.55
4,2022-08-14,53.91
4,2022-08-15,65.41
4,2022-08-16,53.32
4,2022-08-17,22.11
4,2022-08-18,9.93
4,2022-08-19,63.62
4,2022-08-20,121.41
4,2022-08-21,241.85
4,2022-08-22,7.8
4,2022-08-23,115.99
4,2022-08-24,45.66
4,2022-08-25,12.28
4,2022-08-26,68.89
4,2022-08-27,22.05
4,2022-08-28,31.52
4,2022-08-29,109.42
4,2022-08-30,29.07
4,2022-08-31,77.56
4,2022-09-01,37.31
4,2022-09-02,93.56
4,2022-09-03,47.34
4,2022-09-04,16.68
4,2022-09-05,33.62
4,2022-09-06,178.91
4,2022-09-07,14.14
4,2022-09-08,14.22
4,2022-09-09,93.51
4,2022-09-10,109.01
4,2022-09-11,52.71
4,2022-09-12,106.79
4,2022-09-13,9.47
4,2022-09-14,163.63
4,2022-09-15,66.78
4,2022-09-16,1.44
4,2022-09-17,7.64
4,2022-09-18,6.24
4,2022-09-19,85.76
4,2022-09-20,12.19
4,2022-09-21,69.84
4,2022-09-22,2.29
4,2022-09-23,45.07
4,2022-09-24,177.74
4,2022-09-25,23.14
4,2022-09-26,35.56
4,2022-09-27,67.7
4,2022-09-28,20.5
4,2022-09-29,35.04
4,2022-09-30,25.26
4,2022-10-01,29.6
4,2022-10-02,13.37
4,2022-10-03,59.77
4,2022-10-04,52.96
4,2022-10-05,114.88
4,2022-10-06,115.9
4,2022-10-07,47.66
4,2022-10-08,161.48
4,2022-10-09,181.14
4,2022-10-10,0.3
4,2022-10-11,32.23
4,2022-10-12,10.08
4,2022-10-13,25.88
4,2022-10-14,78.74
4,2022-10-15,10.43
4,2022-10-16,15.99
4,2022-10-17,4.86
4,2022-10-18,59.96
4,2022-10-19,0.52
4,2022-10-20,146.62
4,2022-10-21,127.57
4,2022-10-22,63.79
4,2022-10-23,80.03
4,2022-10-24,26.44
4,2022-10-25,18.66
4,2022-10-26,28.68
4,2022-10-27,129.56
4,2022-10-28,88.87
4,2022-10-29,6.02
4,2022-10-30,1.2
4,2022-10-31,64.77
4,2022-11-01,24.17
4,2022-11-02,2.73
4,2022-11-03,222.62
4,2022-11-04,12.9
4,2022-11-05,123.66
4,2022-11-06,49.25
4,2022-11-07,106.45
4,2022-11-08,48.9
4,2022-11-09,13.09
4,2022-11-10,15.49
4,2022-11-11,21.74
4,2022-11-12,12.94
4,2022-11-13,22.25
4,2022-11-14,106.27
4,2022-11-15,84.13
4,2022-11-16,100.24
4,2022-11-17,107.2
4,2022-11-18,73.65
4,2022-11-19,4.96
4,2022-11-20,52.59
4,2022-11-21,62.55
4,2022-11-22,64.06
4,2022-11-23,38.02
4,2022-11-24,2.2
4,2022-11-25,4.65
4,2022-11-26,8.32
4,2022-11-27,26.29
4,2022-11-28,204.42
4,2022-11-29,35.76
4,2022-11-30,9.54
4,2022-12-01,7.7
4,2022-12-02,71.4
4,2022-12-03,38.73
4,2022-12-04,22.26
4,2022-12-05,0.5
4,2022-12-06,14.34
4,2022-12-07,12.43
4,2022-12-08,116.75
4,2022-12-09,54.5
4,2022-12-10,5.69
4,2022-12-11,52.39
4,2022-12-12,179.37
4,2022-12-13,3.37
4,2022-12-14,106.61
4,2022-12-15,55.38
4,2022-12-16,30.56
4,2022-12-17,80.84
4,2022-12-18,99.57
4,2022-12-19,23.77
4,2022-12-20,147.45
4,2022-12-21,18.45
4,2022-12-22,25.13
4,2022-12-23,39.35
4,2022-12-24,5.71
4,2022-12-25,73.69
4,2022-12-26,13.56
4,2022-12-27,9.28
4,2022-12-28,124.02
4,2022-12-29,6.47
4,2022-12-30,31.92
4,2022-12-31,46.98
5,2022-06-01,12.08
5,2022-06-02,83.71
5,2022-06-03,52.68
5,2022-06-04,10.06
5,2022-06-05,59.24
5,2022-06-06,51.6
5,2022-06-07,30.56
5,2022-06-08,66.48
5,2022-06-09,121.32
5,2022-06-10,25.79
5,2022-06-11,19.08
5,2022-06-12,121.67
5,2022-06-13,44.53
5,2022-06-14,67.31
5,2022-06-15,25.85
5,2022-06-16,10.6
5,2022-06-17,46.28
5,2022-06-18,133.64
5,2022-06-19,9.32
5,2022-06-20,64.36
5,2022-06-21,109.06
5,2022-06-22,91.78
5,2022-06-23,119.93
5,2022-06-24,17.16
5,2022-06-25,2.02
5,2022-06-26,17.28
5,2022-06-27,64.85
5,2022-06-28,78.67
5,2022-06-29,162.77
5,2022-06-30,18.54
5,2022-07-01,53.4
5,2022-07-02,63.41
5,2022-07-03,13.68
5,2022-07-04,19.33
5,2022-07-05,139.45
5,2022-07-06,59.18
5,2022-07-07,90.29
5,2022-07-08,109.46
5,2022-07-09,52.38
5,2022-07-10,75.75
5,2022-07-11,38.62
5,2022-07-12,124.74
5,2022-07-13,125.97
5,2022-07-14,1.7
5,2022-07-15,16.47
5,2022-07-16,25.99
5,2022-07-17,196.73
5,2022-07-18,72.92
5,2022-07-19,135.27
5,2022-07-20,30.01
5,2022-07-21,67.65
5,2022-07-22,33.91
5,2022-07-23,89.32
5,2022-07-24,87.06
5,2022-07-25,0.69
5,2022-07-26,49.07
5,2022-07-27,32.37
5,2022-07-28,135.96
5,2022-07-29,79.04
5,2022-07-30,18.41
5,2022-07-31,88.34
5,2022-08-01,9.71
5,2022-08-02,42.47
5,2022-08-03,83.7
5,2022-08-04,4.19
5,2022-08-05,2.26
5,2022-08-06,59.04
5,2022-08-07,3.62
5,2022-08-08,6.68
5,2022-08-09,97.18
5,2022-08-10,55.94
5,2022-08-11,6.5
5,2022-08-12,86.31
5,2022-08-13,77.56
5,2022-08-14,63.76
5,2022-08-15,31.38
5,2022-08-16,9.29
5,2022-08-17,53.15
5,2022-08-18,39.92
5,2022-08-19,12.35
5,2022-08-20,37.96
5,2022-08-21,64.85
5,2022-08-22,56.84
5,2022-08-23,10.77
5,2022-08-24,79.3
5,2022-08-25,24.74
5,2022-08-26,80.84
5,2022-08-27,26.91
5,2022-08-28,45.54
5,2022-08-29,50.78
5,2022-08-30,31.29
5,2022-08-31,314.35
5,2022-09-01,59.55
5,2022-09-02,84.31
5,2022-09-03,27.81
5,2022-09-04,24.88
5,2022-09-05,93.93
5,2022-09-06,14.23
5,2022-09-07,20.29
5,2022-09-08,47.36
5,2022-09-09,25.01
5,2022-09-10,98.57
5,2022-09-11,45.92
5,2022-09-12,75.54
5,2022-09-13,9.62
5,2022-09-14,115.31
5,2022-09-15,1.26
5,2022-09-16,47.33
5,2022-09-17,191.63
5,2022-09-18,50.73
5,2022-09-19,193.44
5,2022-09-20,48.3
5,2022-09-21,0.04
5,2022-09-22,191.99
5,2022-09-23,151.61
5,2022-09-24,300.46
5,2022-09-25,7.3
5,2022-09-26,25.22
5,2022-09-27,30.26
5,2022-09-28,23.8
5,2022-09-29,115.36
5,2022-09-30,73.5
5,2022-10-01,27.66
5,2022-10-02,85.53
5,2022-10-03,95.02
5,2022-10-04,40.52
5,2022-10-05,23.93
5,2022-10-06,15.69
5,2022-10-07,174.15
5,2022-10-08,21.77
5,2022-10-09,78.68
5,2022-10-10,44.4
5,2022-10-11,40.72
5,2022-10-12,67.47
5,2022-10-13,1.87
5,2022-10-14,100.85
5,2022-10-15,66.56
5,2022-10-16,46.48
5,2022-10-17,31.66
5,2022-10-18,27.37
5,2022-10-19,38.74
5,2022-10-20,159.18
5,2022-10-21,89.26
5,2022-10-22,5.35
5,2022-10-23,58.48
5,2022-10-24,16.69
5,2022-10-25,6.77
5,2022-10-26,82.39
5,2022-10-27,113.63
5,2022-10-28,47.38
5,2022-10-29,342.48
5,2022-10-30,329.21
5,2022-10-31,7.98
5,2022-11-01,174.27
5,2022-11-02,97.24
5,2022-11-03,36.27
5,2022-11-04,176.31
5,2022-11-05,31.66
5,2022-11-06,87.6
5,2022-11-07,100.15
5,2022-11-08,127.71
5,2022-11-09,199.03
5,2022-11-10,49.37
5,2022-11-11,85.71
5,2022-11-12,2.89
5,2022-11-13,19.91
5,2022-11-14,14.63
5,2022-11-15,198.22
5,2022-11-16,118.35
5,2022-11-17,39.51
5,2022-11-18,228.54
5,2022-11-19,5.43
5,2022-11-20,181.09
5,2022-11-21,24.31
5,2022-11-22,0.49
5,2022-11-23,149.62
5,2022-11-24,121.2
5,2022-11-25,123.39
5,2022-11-26,101.25
5,2022-11-27,32.96
5,2022-11-28,51.3
5,2022-11-29,24.08
5,2022-11-30,31.23
5,2022-12-01,331.79
5,2022-12-02,231.32
5,2022-12-03,64.26
5,2022-12-04,21.01
5,2022-12-05,80.95
5,2022-12-06,90.71
5,2022-12-07,249.79
5,2022-12-08,67.22
5,2022-12-09,1.16
5,2022-12-10,102.68
5,2022-12-11,162.19
5,2022-12-12,15.76
5,2022-12-13,21.44
5,2022-12-14,4.77
5,2022-12-15,41.85
5,2022-12-16,58.37
5,2022-12-17,99.57
5,2022-12-18,4.73
5,2022-12-19,117.18
5,2022-12-20,41.22
5,2022-12-21,60.16
5,2022-12-22,10.23
5,2022-12-23,16.2
5,2022-12-24,126.29
5,2022-12-25,32.75
5,2022-12-26,28.45
5,2022-12-27,48.66
5,2022-12-28,203.2
5,2022-12-29,39.58
5,2022-12-30,60.52
5,2022-12-31,15.85
6,2022-06-01,88.66
6,2022-06-02,77.37
6,2022-06-03,27.28
6,2022-06-04,109.11
6,2022-06-05,113.81
6,2022-06-06,4.4
6,2022-06-07,70.53
6,2022-06-08,48.65
6,2022-06-09,34.86
6,2022-06-10,10.54
6,2022-06-11,7.7
6,2022-06-12,47.29
6,2022-06-13,10.77
6,2022-06-14,43.85
6,2022-06-15,52.13
6,2022-06-16,32.2
6,2022-06-17,11.79
6,2022-06-18,108.95
6,2022-06-19,45.64
6,2022-06-20,10.41
6,2022-06-21,20.66
6,2022-06-22,163.0
6,2022-06-23,131.94
6,2022-06-24,372.82
6,2022-06-25,136.82
6,2022-06-26,14.03
6,2022-06-27,61.68
6,2022-06-28,31.35
6,2022-06-29,21.51
6,2022-06-30,33.68
6,2022-07-01,49.78
6,2022-07-02,28.56
6,2022-07-03,35.11
6,2022-07-04,22.04
6,2022-07-05,94.45
6,2022-07-06,125.25
6,2022-07-07,42.92
6,2022-07-08,114.89
6,2022-07-09,29.29
6,2022-07-10,26.59
6,2022-07-11,64.76
6,2022-07-12,12.04
6,2022-07-13,2.34
6,2022-07-14,56.75
6,2022-07-15,109.27
6,2022-07-16,10.31
6,2022-07-17,6.87
6,2022-07-18,13.34
6,2022-07-19,68.35
6,2022-07-20,67.48
6,2022-07-21,13.16
6,2022-07-22,118.42
6,2022-07-23,5.13
6,2022-07-24,75.5
6,2022-07-25,17.45
6,2022-07-26,86.05
6,2022-07-27,34.36
6,2022-07-28,20.54
6,2022-07-29,19.91
6,2022-07-30,23.33
6,2022-07-31,46.53
6,2022-08-01,7.71
6,2022-08-02,182.52
6,2022-08-03,32.81
6,2022-08-04,129.6
6,2022-08-05,83.1
6,2022-08-06,6.6
6,2022-08-07,25.05
6,2022-08-08,142.21
6,2022-08-09,110.67
6,2022-08-10,128.21
6,2022-08-11,16.64
6,2022-08-12,16.82
6,2022-08-13,108.24
6,2022-08-14,93.22
6,2022-08-15,16.13
6,2022-08-16,6.12
6,2022-08-17,0.78
6,2022-08-18,1.31
6,2022-08-19,47.18
6,2022-08-20,72.8
6,2022-08-21,3.27
6,2022-08-22,48.01
6,2022-08-23,19.48
6,2022-08-24,79.72
6,2022-08-25,49.27
6,2022-08-26,182.57
6,2022-08-27,46.9
6,2022-08-28,170.52
6,2022-08-29,17.35
6,2022-08-30,59.87
6,2022-08-31,29.84
6,2022-09-01,25.03
6,2022-09-02,12.32
6,2022-09-03,12.49
6,2022-09-04,66.68
6,2022-09-05,118.81
6,2022-09-06,20.42
6,2022-09-07,59.71
6,2022-09-08,20.54
6,2022-09-09,59.53
6,2022-09-10,14.99
6,2022-09-11,61.34
6,2022-09-12,36.84
6,2022-09-13,45.17
6,2022-09-14,35.22
6,2022-09-15,31.85
6,2022-09-16,2.6
6,2022-09-17,59.32
6,2022-09-18,12.09
6,2022-09-19,119.28
6,2022-09-20,159.68
6,2022-09-21,13.56
6,2022-09-22,18.61
6,2022-09-23,53.58
6,2022-09-24,10.67
6,2022-09-25,78.47
6,2022-09-26,173.11
6,2022-09-27,86.41
6,2022-09-28,65.27
6,2022-09-29,3.44
6,2022-09-30,40.33
6,2022-10-01,31.56
6,2022-10-02,19.74
6,2022-10-03,72.52
6,2022-10-04,84.51
6,2022-10-05,27.29
6,2022-10-06,44.59
6,2022-10-07,31.47
6,2022-10-08,76.36
6,2022-10-09,115.43
6,2022-10-10,165.14
6,2022-10-11,172.7
6,2022-10-12,24.31
6,2022-10-13,32.28
6,2022-10-14,90.08
6,2022-10-15,9.39
6,2022-10-16,60.81
6,2022-10-17,16.19
6,2022-10-18,29.62
6,2022-10-19,42.81
6,2022-10-20,21.4
6,2022-10-21,44.79
6,2022-10-22,72.48
6,2022-10-23,176.67
6,2022-10-24,106.45
6,2022-10-25,21.9
6,2022-10-26,18.82
6,2022-10-27,173.07
6,2022-10-28,24.47
6,2022-10-29,9.81
6,2022-10-30,109.33
6,2022-10-31,23.94
6,2022-11-01,3.98
6,2022-11-02,62.57
6,2022-11-03,76.64
6,2022-11-04,21.09
6,2022-11-05,38.01
6,2022-11-06,3.95
6,2022-11-07,142.21
6,2022-11-08,3.16
6,2022-11-09,21.47
6,2022-11-10,97.39
6,2022-11-11,74.5
6,2022-11-12,118.76
6,2022-11-13,16.9
6,2022-11-14,68.4
6,2022-11-15,80.82
6,2022-11-16,136.76
6,2022-11-17,53.2
6,2022-11-18,48.66
6,2022-11-19,28.3
6,2022-11-20,28.46
6,2022-11-21,229.73
6,2022-11-22,16.97
6,2022-11-23,3.97
6,2022-11-24,150.36
6,2022-11-25,119.57
6,2022-11-26,30.17
6,2022-11-27,119.66
6,2022-11-28,109.8
6,2022-11-29,27.32
6,2022-11-30,71.48
6,2022-12-01,79.77
6,2022-12-02,40.1
6,2022-12-03,1.77
6,2022-12-04,4.32
6,2022-12-05,4.87
6,2022-12-06,18.99
6,2022-12-07,2.51
6,2022-12-08,23.86
6,2022-12-09,22.74
6,2022-12-10,11.57
6,2022-12-11,54.25
6,2022-12-12,12.54
6,2022-12-13,30.91
6,2022-12-14,68.86
6,2022-12-15,14.19
6,2022-12-16,65.13
6,2022-12-17,52.63
6,2022-12-18,49.9
6,2022-12-19,12.5
6,2022-12-20,131.48
6,2022-12-21,98.02
6,2022-12-22,125.17
6,2022-12-23,48.5
6,2022-12-24,15.2
6,2022-12-25,2.21
6,2022-12-26,107.08
6,2022-12-27,10.49
6,2022-12-28,35.22
6,2022-12-29,41.27
6,2022-12-30,2.16
6,2022-12-31,21.64
7,2022-06-01,2.32
7,2022-06-02,66.64
7,2022-06-03,6.44
7,2022-06-04,6.23
7,2022-06-05,14.93
7,2022-06-06,1.64
7,2022-06-07,4.04
7,2022-06-08,42.77
7,2022-06-09,60.47
7,2022-06-10,26.71
7,2022-06-11,7.95
7,2022-06-12,68.44
7,2022-06-13,7.15
7,2022-06-14,58.29
7,2022-06-15,17.37
7,2022-06-16,22.85
7,2022-06-17,4.74
7,2022-06-18,1.98
7,2022-06-19,7.94
7,2022-06-20,68.14
7,2022-06-21,47.93
7,2022-06-22,1.5
7,2022-06-23,6.8
7,2022-06-24,32.75
7,2022-06-25,0.22
7,2022-06-26,8.9
7,2022-06-27,22.88
7,2022-06-28,37.86
7,2022-06-29,14.48
7,2022-06-30,16.36
7,2022-07-01,21.3
7,2022-07-02,4.3
7,2022-07-03,18.88
7,2022-07-04,11.8
7,2022-07-05,16.52
7,2022-07-06,1.85
7,2022-07-07,41.12
7,2022-07-08,3.65
7,2022-07-09,29.16
7,2022-07-10,18.74
7,2022-07-11,64.67
7,2022-07-12,17.46
7,2022-07-13,4.76
7,2022-07-14,19.36
7,2022-07-15,5.98
7,2022-07-16,3.26
7,2022-07-17,37.22
7,2022-07-18,27.78
7,2022-07-19,30.2
7,2022-07-20,45.0
7,2022-07-21,3.76
7,2022-07-22,0.82
7,2022-07-23,15.98
7,2022-07-24,14.2
7,2022-07-25,14.64
7,2022-07-26,16.11
7,2022-07-27,30.98
7,2022-07-28,9.67
7,2022-07-29,26.64
7,2022-07-30,4.32
7,2022-07-31,53.28
7,2022-08-01,64.88
7,2022-08-02,12.36
7,2022-08-03,4.97
7,2022-08-04,3.75
7,2022-08-05,14.46
7,2022-08-06,11.97
7,2022-08-07,91.04
7,2022-08-08,31.73
7,2022-08-09,37.93
7,2022-08-10,10.14
7,2022-08-11,32.83
7,2022-08-12,4.2
7,2022-08-13,30.66
7,2022-08-14,10.12
7,2022-08-15,12.43
7,2022-08-16,9.49
7,2022-08-17,27.5
7,2022-08-18,0.66
7,2022-08-19,18.92
7,2022-08-20,5.96
7,2022-08-21,5.37
7,2022-08-22,8.17
7,2022-08-23,3.53
7,2022-08-24,32.58
7,2022-08-25,2.05
7,2022-08-26,80.29
7,2022-08-27,0.41
7,2022-08-28,16.13
7,2022-08-29,2.61
7,2022-08-30,2.79
7,2022-08-31,27.19
7,2022-09-01,35.98
7,2022-09-02,142.0
7,2022-09-03,3.24
7,2022-09-04,1.89
7,2022-09-05,104.32
7,2022-09-06,17.56
7,2022-09-07,16.35
7,2022-09-08,15.66
7,2022-09-09,40.83
7,2022-09-10,1.22
7,2022-09-11,5.49
7,2022-09-12,37.86
7,2022-09-13,1.61
7,2022-09-14,9.02
7,2022-09-15,19.74
7,2022-09-16,8.03
7,2022-09-17,2.79
7,2022-09-18,36.61
7,2022-09-19,73.85
7,2022-09-20,11.62
7,2022-09-21,44.59
7,2022-09-22,11.64
7,2022-09-23,14.8
7,2022-09-24,10.25
7,2022-09-25,12.4
7,2022-09-26,17.53
7,2022-09-27,13.72
7,2022-09-28,64.16
7,2022-09-29,0.23
7,2022-09-30,82.87
7,2022-10-01,0.42
7,2022-10-02,5.42
7,2022-10-03,34.29
7,2022-10-04,50.57
7,2022-10-05,34.04
7,2022-10-06,55.39
7,2022-10-07,1.93
7,2022-10-08,28.58
7,2022-10-09,11.93
7,2022-10-10,13.95
7,2022-10-11,26.04
7,2022-10-12,107.64
7,2022-10-13,8.12
7,2022-10-14,6.76
7,2022-10-15,11.19
7,2022-10-16,1.55
7,2022-10-17,1.65
7,2022-10-18,19.92
7,2022-10-19,61.37
7,2022-10-20,37.4
7,2022-10-21,2.77
7,2022-10-22,0.57
7,2022-10-23,22.58
7,2022-10-24,27.21
7,2022-10-25,5.84
7,2022-10-26,7.51
7,2022-10-27,4.59
7,2022-10-28,2.75
7,2022-10-29,38.46
7,2022-10-30,5.03
7,2022-10-31,43.46
7,2022-11-01,2.62
7,2022-11-02,24.67
7,2022-11-03,13.44
7,2022-11-04,54.45
7,2022-11-05,17.37
7,2022-11-06,30.86
7,2022-11-07,10.69
7,2022-11-08,9.86
7,2022-11-09,7.61
7,2022-11-10,20.65
7,2022-11-11,1.38
7,2022-11-12,11.62
7,2022-11-13,24.36
7,2022-11-14,12.47
7,2022-11-15,28.06
7,2022-11-16,13.25
7,2022-11-17,15.37
7,2022-11-18,6.71
7,2022-11-19,6.75
7,2022-11-20,3.32
7,2022-11-21,53.46
7,2022-11-22,0.47
7,2022-11-23,56.2
7,2022-11-24,23.27
7,2022-11-25,9.6
7,2022-11-26,7.51
7,2022-11-27,9.65
7,2022-11-28,58.81
7,2022-11-29,41.53
7,2022-11-30,13.61
7,2022-12-01,35.08
7,2022-12-02,54.61
7,2022-12-03,59.14
7,2022-12-04,46.25
7,2022-12-05,1.48
7,2022-12-06,16.35
7,2022-12-07,32.28
7,2022-12-08,89.26
7,2022-12-09,26.79
7,2022-12-10,24.65
7,2022-12-11,88.08
7,2022-12-12,38.94
7,2022-12-13,12.19
7,2022-12-14,50.71
7,2022-12-15,37.45
7,2022-12-16,22.48
7,2022-12-17,10.86
7,2022-12-18,1.44
7,2022-12-19,32.25
7,2022-12-20,7.02
7,2022-12-21,1.97
7,2022-12-22,35.65
7,2022-12-23,9.54
7,2022-12-24,6.32
7,2022-12-25,22.38
7,2022-12-26,18.54
7,2022-12-27,22.93
7,2022-12-28,8.67
7,2022-12-29,28.21
7,2022-12-30,12.23
7,2022-12-31,102.63
8,2022-06-01,105.2
8,2022-06-02,386.86
8,2022-06-03,223.47
8,2022-06-04,18.17
8,2022-06-05,168.97
8,2022-06-06,7.68
8,2022-06-07,18.46
8,2022-06-08,8.69
8,2022-06-09,6.88
8,2022-06-10,91.42
8,2022-06-11,19.04
8,2022-06-12,54.3
8,2022-06-13,44.9
8,2022-06-14,57.23
8,2022-06-15,25.93
8,2022-06-16,23.97
8,2022-06-17,59.28
8,2022-06-18,32.17
8,2022-06-19,106.55
8,2022-06-20,48.36
8,2022-06-21,99.66
8,2022-06-22,108.41
8,2022-06-23,14.75
8,2022-06-24,42.55
8,2022-06-25,33.03
8,2022-06-26,9.0
8,2022-06-27,1.85
8,2022-06-28,45.01
8,2022-06-29,36.5
8,2022-06-30,156.06
8,2022-07-01,121.92
8,2022-07-02,5.93
8,2022-07-03,178.94
8,2022-07-04,3.97
8,2022-07-05,92.77
8,2022-07-06,75.21
8,2022-07-07,46.82
8,2022-07-08,11.68
8,2022-07-09,282.03
8,2022-07-10,99.71
8,2022-07-11,33.57
8,2022-07-12,35.52
8,2022-07-13,136.36
8,2022-07-14,31.23
8,2022-07-15,7.69
8,2022-07-16,42.62
8,2022-07-17,303.49
8,2022-07-18,30.02
8,2022-07-19,35.26
8,2022-07-20,2.16
8,2022-07-21,67.18
8,2022-07-22,32.53
8,2022-07-23,98.6
8,2022-07-24,122.64
8,2022-07-25,5.71
8,2022-07-26,46.83
8,2022-07-27,98.02
8,2022-07-28,87.58
8,2022-07-29,240.27
8,2022-07-30,7.55
8,2022-07-31,34.19
8,2022-08-01,55.83
8,2022-08-02,6.54
8,2022-08-03,19.77
8,2022-08-04,60.46
8,2022-08-05,171.57
8,2022-08-06,51.78
8,2022-08-07,162.12
8,2022-08-08,134.82
8,2022-08-09,129.76
8,2022-08-10,38.42
8,2022-08-11,95.01
8,2022-08-12,23.09
8,2022-08-13,55.91
8,2022-08-14,20.38
8,2022-08-15,239.68
8,2022-08-16,58.6
8,2022-08-17,42.11
8,2022-08-18,71.75
8,2022-08-19,143.11
8,2022-08-20,22.59
8,2022-08-21,39.93
8,2022-08-22,0.64
8,2022-08-23,45.9
8,2022-08-24,84.53
8,2022-08-25,7.38
8,2022-08-26,66.96
8,2022-08-27,48.72
8,2022-08-28,98.25
8,2022-08-29,77.16
8,2022-08-30,244.8
8,2022-08-31,28.83
8,2022-09-01,42.36
8,2022-09-02,170.68
8,2022-09-03,84.57
8,2022-09-04,112.98
8,2022-09-05,30.68
8,2022-09-06,0.5
8,2022-09-07,27.51
8,2022-09-08,4.48
8,2022-09-09,39.32
8,2022-09-10,145.51
8,2022-09-11,33.9
8,2022-09-12,23.49
8,2022-09-13,62.13
8,2022-09-14,1.24
8,2022-09-15,120.32
8,2022-09-16,14.86
8,2022-09-17,107.12
8,2022-09-18,358.58
8,2022-09-19,22.0
8,2022-09-20,13.54
8,2022-09-21,59.37
8,2022-09-22,33.6
8,2022-09-23,108.55
8,2022-09-24,21.03
8,2022-09-25,76.56
8,2022-09-26,82.95
8,2022-09-27,66.19
8,2022-09-28,67.25
8,2022-09-29,23.45
8,2022-09-30,175.31
8,2022-10-01,28.58
8,2022-10-02,106.2
8,2022-10-03,12.72
8,2022-10-04,130.79
8,2022-10-05,3.26
8,2022-10-06,48.14
8,2022-10-07,85.51
8,2022-10-08,101.13
8,2022-10-09,96.92
8,2022-10-10,30.49
8,2022-10-11,32.59
8,2022-10-12,23.87
8,2022-10-13,137.35
8,2022-10-14,11.18
8,2022-10-15,407.33
8,2022-10-16,11.17
8,2022-10-17,9.24
8,2022-10-18,111.29
8,2022-10-19,111.93
8,2022-10-20,193.11
8,2022-10-21,37.72
8,2022-10-22,45.06
8,2022-10-23,114.53
8,2022-10-24,266.76
8,2022-10-25,9.46
8,2022-10-26,11.94
8,2022-10-27,15.94
8,2022-10-28,59.31
8,2022-10-29,33.81
8,2022-10-30,43.57
8,2022-10-31,160.07
8,2022-11-01,108.89
8,2022-11-02,58.26
8,2022-11-03,73.57
8,2022-11-04,150.53
8,2022-11-05,104.06
8,2022-11-06,22.63
8,2022-11-07,88.97
8,2022-11-08,26.48
8,2022-11-09,74.37
8,2022-11-10,24.94
8,2022-11-11,32.58
8,2022-11-12,1.94
8,2022-11-13,22.45
8,2022-11-14,25.29
8,2022-11-15,15.96
8,2022-11-16,6.87
8,2022-11-17,22.28
8,2022-11-18,27.55
8,2022-11-19,45.4
8,2022-11-20,92.29
8,2022-11-21,94.07
8,2022-11-22,37.26
8,2022-11-23,14.41
8,2022-11-24,92.34
8,2022-11-25,194.71
8,2022-11-26,159.02
8,2022-11-27,61.3
8,2022-11-28,29.69
8,2022-11-29,28.96
8,2022-11-30,1.03
8,2022-12-01,113.1
8,2022-12-02,21.29
8,2022-12-03,15.56
8,2022-12-04,67.44
8,2022-12-05,62.75
8,2022-12-06,156.09
8,2022-12-07,47.18
8,2022-12-08,10.59
8,2022-12-09,0.53
8,2022-12-10,50.73
8,2022-12-11,55.25
8,2022-12-12,105.98
8,2022-12-13,53.67
8,2022-12-14,12.15
8,2022-12-15,12.74
8,2022-12-16,163.22
8,2022-12-17,10.1
8,2022-12-18,36.31
8,2022-12-19,101.34
8,2022-12-20,72.99
8,2022-12-21,34.33
8,2022-12-22,60.85
8,2022-12-23,48.79
8,2022-12-24,232.99
8,2022-12-25,88.44
8,2022-12-26,55.51
8,2022-12-27,6.74
8,2022-12-28,29.56
8,2022-12-29,87.97
8,2022-12-30,1.18
8,2022-12-31,6.76
9,2022-06-01,0.69
9,2022-06-02,16.27
9,2022-06-03,14.31
9,2022-06-04,2.6
9,2022-06-05,4.3
9,2022-06-06,10.45
9,2022-06-07,21.0
9,2022-06-08,12.27
9,2022-06-09,40.88
9,2022-06-10,6.39
9,2022-06-11,2.24
9,2022-06-12,35.99
9,2022-06-13,1.33
9,2022-06-14,16.49
9,2022-06-15,9.91
9,2022-06-16,5.03
9,2022-06-17,17.47
9,2022-06-18,26.7
9,2022-06-19,21.29
9,2022-06-20,0.1
9,2022-06-21,15.12
9,2022-06-22,5.57
9,2022-06-23,3.17
9,2022-06-24,15.55
9,2022-06-25,84.45
9,2022-06-26,21.6
9,2022-06-27,81.18
9,2022-06-28,24.95
9,2022-06-29,2.76
9,2022-06-30,29.72
9,2022-07-01,42.2
9,2022-07-02,7.88
9,2022-07-03,51.12
9,2022-07-04,26.14
9,2022-07-05,14.84
9,2022-07-06,4.55
9,2022-07-07,58.69
9,2022-07-08,17.42
9,2022-07-09,15.78
9,2022-07-10,117.73
9,2022-07-11,7.45
9,2022-07-12,11.01
9,2022-07-13,0.15
9,2022-07-14,36.19
9,2022-07-15,3.91
9,2022-07-16,39.7
9,2022-07-17,7.17
9,2022-07-18,24.96
9,2022-07-19,8.42
9,2022-07-20,2.55
9,2022-07-21,19.18
9,2022-07-22,2.48
9,2022-07-23,13.3
9,2022-07-24,21.2
9,2022-07-25,1.5
9,2022-07-26,3.46
9,2022-07-27,2.56
9,2022-07-28,52.68
9,2022-07-29,52.96
9,2022-07-30,14.85
9,2022-07-31,9.89
9,2022-08-01,12.19
9,2022-08-02,35.01
9,2022-08-03,3.88
9,2022-08-04,83.3
9,2022-08-05,1.58
9,2022-08-06,28.28
9,2022-08-07,11.22
9,2022-08-08,141.99
9,2022-08-09,29.23
9,2022-08-10,58.05
9,2022-08-11,4.42
9,2022-08-12,6.36
9,2022-08-13,17.76
9,2022-08-14,9.4
9,2022-08-15,3.33
9,2022-08-16,11.66
9,2022-08-17,29.39
9,2022-08-18,1.42
9,2022-08-19,23.92
9,2022-08-20,7.19
9,2022-08-21,17.55
9,2022-08-22,73.02
9,2022-08-23,0.97
9,2022-08-24,12.22
9,2022-08-25,14.41
9,2022-08-26,87.22
9,2022-08-27,8.04
9,2022-08-28,14.47
9,2022-08-29,4.31
9,2022-08-30,24.49
9,2022-08-31,9.05
9,2022-09-01,10.37
9,2022-09-02,30.23
9,2022-09-03,33.59
9,2022-09-04,14.84
9,2022-09-05,2.97
9,2022-09-06,24.37
9,2022-09-07,12.67
9,2022-09-08,32.07
9,2022-09-09,5.15
9,2022-09-10,32.37
9,2022-09-11,1.94
9,2022-09-12,5.15
9,2022-09-13,13.58
9,2022-09-14,90.19
9,2022-09-15,17.1
9,2022-09-16,13.32
9,2022-09-17,86.66
9,2022-09-18,69.79
9,2022-09-19,19.53
9,2022-09-20,48.32
9,2022-09-21,3.59
9,2022-09-22,13.7
9,2022-09-23,44.5
9,2022-09-24,32.84
9,2022-09-25,6.13
9,2022-09-26,8.71
9,2022-09-27,14.88
9,2022-09-28,3.92
9,2022-09-29,0.41
9,2022-09-30,3.98
9,2022-10-01,19.02
9,2022-10-02,20.44
9,2022-10-03,18.61
9,2022-10-04,25.81
9,2022-10-05,14.3
9,2022-10-06,58.47
9,2022-10-07,47.2
9,2022-10-08,20.26
9,2022-10-09,12.07
9,2022-10-10,3.39
9,2022-10-11,5.33
9,2022-10-12,21.68
9,2022-10-13,4.4
9,2022-10-14,10.69
9,2022-10-15,0.89
9,2022-10-16,21.9
9,2022-10-17,37.84
9,2022-10-18,102.56
9,2022-10-19,24.16
9,2022-10-20,2.71
9,2022-10-21,30.02
9,2022-10-22,27.09
9,2022-10-23,38.96
9,2022-10-24,16.46
9,2022-10-25,12.6
9,2022-10-26,45.48
9,2022-10-27,0.01
9,2022-10-28,12.42
9,2022-10-29,5.93
9,2022-10-30,6.88
9,2022-10-31,41.13
9,2022-11-01,0.32
9,2022-11-02,40.25
9,2022-11-03,3.66
9,2022-11-04,1.82
9,2022-11-05,55.8
9,2022-11-06,18.22
9,2022-11-07,61.15
9,2022-11-08,42.77
9,2022-11-09,47.9
9,2022-11-10,1.91
9,2022-11-11,8.24
9,2022-11-12,11.89
9,2022-11-13,12.19
9,2022-11-14,24.62
9,2022-11-15,30.64
9,2022-11-16,20.18
9,2022-11-17,16.27
9,2022-11-18,28.62
9,2022-11-19,51.6
9,2022-11-20,51.54
9,2022-11-21,9.09
9,2022-11-22,11.48
9,2022-11-23,2.09
9,2022-11-24,0.1
9,2022-11-25,2.17
9,2022-11-26,17.66
9,2022-11-27,23.88
9,2022-11-28,2.48
9,2022-11-29,119.1
9,2022-11-30,18.46
9,2022-12-01,49.91
9,2022-12-02,6.81
9,2022-12-03,20.7
9,2022-12-04,34.01
9,2022-12-05,41.16
9,2022-12-06,29.68
9,2022-12-07,94.71
9,2022-12-08,55.73
9,2022-12-09,24.71
9,2022-12-10,1.94
9,2022-12-11,7.59
9,2022-12-12,2.0
9,2022-12-13,79.48
9,2022-12-14,25.62
9,2022-12-15,12.39
9,2022-12-16,19.29
9,2022-12-17,4.32
9,2022-12-18,6.82
9,2022-12-19,84.06
9,2022-12-20,20.68
9,2022-12-21,34.86
9,2022-12-22,11.87
9,2022-12-23,45.97
9,2022-12-24,11.15
9,2022-12-25,18.01
9,2022-12-26,8.78
9,2022-12-27,24.09
9,2022-12-28,37.08
9,2022-12-29,4.69
9,2022-12-30,6.62
9,2022-12-31,6.56
10,2022-06-01,97.17
10,2022-06-02,24.88
10,2022-06-03,32.21
10,2022-06-04,16.16
10,2022-06-05,32.44
10,2022-06-06,12.19
10,2022-06-07,128.59
10,2022-06-08,15.89
10,2022-06-09,32.41
10,2022-06-10,110.62
10,2022-06-11,59.47
10,2022-06-12,124.94
10,2022-06-13,2.34
10,2022-06-14,2.32
10,2022-06-15,201.24
10,2022-06-16,76.31
10,2022-06-17,112.13
10,2022-06-18,195.72
10,2022-06-19,44.21
10,2022-06-20,120.29
10,2022-06-21,40.9
10,2022-06-22,54.17
10,2022-06-23,136.86
10,2022-06-24,66.04
10,2022-06-25,29.47
10,2022-06-26,51.59
10,2022-06-27,76.3
10,2022-06-28,9.87
10,2022-06-29,6.72
10,2022-06-30,1.78
10,2022-07-01,109.21
10,2022-07-02,94.3
10,2022-07-03,37.5
10,2022-07-04,157.36
10,2022-07-05,94.27
10,2022-07-06,115.56
10,2022-07-07,20.18
10,2022-07-08,131.29
10,2022-07-09,23.07
10,2022-07-10,50.34
10,2022-07-11,140.19
10,2022-07-12,59.61
10,2022-07-13,165.86
10,2022-07-14,169.7
10,2022-07-15,118.67
10,2022-07-16,120.18
10,2022-07-17,79.37
10,2022-07-18,7.1
10,2022-07-19,76.94
10,2022-07-20,1.86
10,2022-07-21,23.45
10,2022-07-22,43.25
10,2022-07-23,18.21
10,2022-07-24,88.4
10,2022-07-25,5.76
10,2022-07-26,36.14
10,2022-07-27,139.94
10,2022-07-28,108.76
10,2022-07-29,101.35
10,2022-07-30,74.51
10,2022-07-31,106.4
10,2022-08-01,117.49
10,2022-08-02,13.93
10,2022-08-03,252.88
10,2022-08-04,19.77
10,2022-08-05,24.03
10,2022-08-06,6.95
10,2022-08-07,125.63
10,2022-08-08,8.95
10,2022-08-09,392.52
10,2022-08-10,37.93
10,2022-08-11,13.32
10,2022-08-12,19.54
10,2022-08-13,10.29
10,2022-08-14,47.23
10,2022-08-15,48.3
10,2022-08-16,8.6
10,2022-08-17,62.9
10,2022-08-18,43.88
10,2022-08-19,58.41
10,2022-08-20,236.86
10,2022-08-21,217.77
10,2022-08-22,84.06
10,2022-08-23,15.26
10,2022-08-24,17.97
10,2022-08-25,116.86
10,2022-08-26,4.5
10,2022-08-27,303.21
10,2022-08-28,51.96
10,2022-08-29,126.04
10,2022-08-30,72.9
10,2022-08-31,7.91
10,2022-09-01,20.6
10,2022-09-02,62.08
10,2022-09-03,199.43
10,2022-09-04,234.01
10,2022-09-05,50.65
10,2022-09-06,121.99
10,2022-09-07,10.46
10,2022-09-08,9.59
10,2022-09-09,102.77
10,2022-09-10,72.32
10,2022-09-11,87.73
10,2022-09-12,68.72
10,2022-09-13,185.5
10,2022-09-14,72.73
10,2022-09-15,82.26
10,2022-09-16,26.44
10,2022-09-17,32.4
10,2022-09-18,36.8
10,2022-09-19,75.19
10,2022-09-20,3.42
10,2022-09-21,34.91
10,2022-09-22,0.13
10,2022-09-23,177.65
10,2022-09-24,12.07
10,2022-09-25,38.19
10,2022-09-26,129.04
10,2022-09-27,1.87
10,2022-09-28,39.87
10,2022-09-29,25.02
10,2022-09-30,37.26
10,2022-10-01,8.6
10,2022-10-02,3.64
10,2022-10-03,111.32
10,2022-10-04,81.33
10,2022-10-05,95.38
10,2022-10-06,190.97
10,2022-10-07,79.32
10,2022-10-08,198.86
10,2022-10-09,44.71
10,2022-10-10,8.05
10,2022-10-11,34.49
10,2022-10-12,30.81
10,2022-10-13,38.53
10,2022-10-14,4.64
10,2022-10-15,19.52
10,2022-10-16,69.84
10,2022-10-17,67.16
10,2022-10-18,44.68
10,2022-10-19,1.18
10,2022-10-20,46.34
10,2022-10-21,17.98
10,2022-10-22,12.61
10,2022-10-23,58.0
10,2022-10-24,5.3
10,2022-10-25,23.86
10,2022-10-26,70.98
10,2022-10-27,7.89
10,2022-10-28,3.5
10,2022-10-29,17.29
10,2022-10-30,193.55
10,2022-10-31,25.75
10,2022-11-01,14.38
10,2022-11-02,41.09
10,2022-11-03,46.44
10,2022-11-04,12.39
10,2022-11-05,205.6
10,2022-11-06,89.52
10,2022-11-07,66.86
10,2022-11-08,37.76
10,2022-11-09,37.51
10,2022-11-10,158.73
10,2022-11-11,11.88
10,2022-11-12,258.55
10,2022-11-13,66.96
10,2022-11-14,4.41
10,2022-11-15,83.69
10,2022-11-16,134.29
10,2022-11-17,30.51
10,2022-11-18,17.98
10,2022-11-19,160.91
10,2022-11-20,13.77
10,2022-11-21,44.57
10,2022-11-22,132.21
10,2022-11-23,63.14
10,2022-11-24,45.81
10,2022-11-25,193.23
10,2022-11-26,184.78
10,2022-11-27,55.05
10,2022-11-28,35.38
10,2022-11-29,121.59
10,2022-11-30,68.04
10,2022-12-01,16.61
10,2022-12-02,3.98
10,2022-12-03,3.5
10,2022-12-04,45.33
10,2022-12-05,95.49
10,2022-12-06,13.19
10,2022-12-07,4.05
10,2022-12-08,113.09
10,2022-12-09,121.45
10,2022-12-10,52.39
10,2022-12-11,75.44
10,2022-12-12,130.14
10,2022-12-13,24.47
10,2022-12-14,42.12
10,2022-12-15,31.4
10,2022-12-16,108.43
10,2022-12-17,58.65
10,2022-12-18,15.33
10,2022-12-19,10.98
10,2022-12-20,2.33
10,2022-12-21,74.46
10,2022-12-22,11.19
10,2022-12-23,39.9
10,2022-12-24,21.71
10,2022-12-25,0.44
10,2022-12-26,29.14
10,2022-12-27,53.64
10,2022-12-28,40.18
10,2022-12-29,39.86
10,2022-12-30,10.96
10,2022-12-31,104.17
11,2022-06-01,185.19
11,2022-06-02,7.64
11,2022-06-03,5.51
11,2022-06-04,17.57
11,2022-06-05,152.16
11,2022-06-06,12.94
11,2022-06-07,45.18
11,2022-06-08,27.05
11,2022-06-09,55.32
11,2022-06-10,119.86
11,2022-06-11,40.17
11,2022-06-12,296.84
11,2022-06-13,92.77
11,2022-06-14,147.94
11,2022-06-15,64.51
11,2022-06-16,64.68
11,2022-06-17,182.85
11,2022-06-18,1.2
11,2022-06-19,127.25
11,2022-06-20,39.68
11,2022-06-21,95.8
11,2022-06-22,28.43
11,2022-06-23,132.01
11,2022-06-24,47.14
11,2022-06-25,53.17
11,2022-06-26,82.21
11,2022-06-27,324.6
11,2022-06-28,130.72
11,2022-06-29,173.42
11,2022-06-30,88.81
11,2022-07-01,74.15
11,2022-07-02,2.12
11,2022-07-03,1.79
11,2022-07-04,5.26
11,2022-07-05,229.85
11,2022-07-06,4.32
11,2022-07-07,182.08
11,2022-07-08,63.74
11,2022-07-09,8.0
11,2022-07-10,3.3
11,2022-07-11,16.18
11,2022-07-12,128.46
11,2022-07-13,25.36
11,2022-07-14,70.83
11,2022-07-15,169.15
11,2022-07-16,53.63
11,2022-07-17,57.98
11,2022-07-18,52.83
11,2022-07-19,191.69
11,2022-07-20,16.69
11,2022-07-21,18.09
11,2022-07-22,55.13
11,2022-07-23,174.53
11,2022-07-24,41.73
11,2022-07-25,24.65
11,2022-07-26,34.17
11,2022-07-27,30.29
11,2022-07-28,281.32
11,2022-07-29,95.72
11,2022-07-30,131.55
11,2022-07-31,91.05
11,2022-08-01,1.16
11,2022-08-02,136.83
11,2022-08-03,25.9
11,2022-08-04,84.33
11,2022-08-05,4.29
11,2022-08-06,62.21
11,2022-08-07,140.81
11,2022-08-08,34.78
11,2022-08-09,24.27
11,2022-08-10,94.91
11,2022-08-11,143.97
11,2022-08-12,99.08
11,2022-08-13,30.86
11,2022-08-14,30.7
11,2022-08-15,79.57
11,2022-08-16,60.67
11,2022-08-17,140.12
11,2022-08-18,2.67
11,2022-08-19,166.96
11,2022-08-20,16.85
11,2022-08-21,170.52
11,2022-08-22,70.84
11,2022-08-23,100.07
11,2022-08-24,34.19
11,2022-08-25,196.66
11,2022-08-26,37.75
11,2022-08-27,14.33
11,2022-08-28,99.56
11,2022-08-29,142.11
11,2022-08-30,198.01
11,2022-08-31,85.25
11,2022-09-01,53.71
11,2022-09-02,65.08
11,2022-09-03,119.03
11,2022-09-04,90.58
11,2022-09-05,4.96
11,2022-09-06,26.14
11,2022-09-07,37.19
11,2022-09-08,35.04
11,2022-09-09,85.61
11,2022-09-10,61.36
11,2022-09-11,26.18
11,2022-09-12,276.14
11,2022-09-13,50.29
11,2022-09-14,115.51
11,2022-09-15,71.47
11,2022-09-16,1.98
11,2022-09-17,9.43
11,2022-09-18,68.19
11,2022-09-19,171.76
11,2022-09-20,132.14
11,2022-09-21,118.94
11,2022-09-22,135.51
11,2022-09-23,592.01
11,2022-09-24,25.53
11,2022-09-25,119.01
11,2022-09-26,366.73
11,2022-09-27,95.68
11,2022-09-28,117.01
11,2022-09-29,7.24
11,2022-09-30,85.25
11,2022-10-01,43.17
11,2022-10-02,304.45
11,2022-10-03,2.61
11,2022-10-04,85.8
11,2022-10-05,99.42
11,2022-10-06,70.2
11,2022-10-07,62.83
11,2022-10-08,128.36
11,2022-10-09,219.51
11,2022-10-10,66.08
11,2022-10-11,61.85
11,2022-10-12,114.04
11,2022-10-13,17.7
11,2022-10-14,191.09
11,2022-10-15,43.74
11,2022-10-16,52.37
11,2022-10-17,91.75
11,2022-10-18,99.0
11,2022-10-19,7.75
11,2022-10-20,230.74
11,2022-10-21,230.45
11,2022-10-22,60.36
11,2022-10-23,100.69
11,2022-10-24,410.7
11,2022-10-25,58.45
11,2022-10-26,19.38
11,2022-10-27,57.11
11,2022-10-28,162.47
11,2022-10-29,473.26
11,2022-10-30,113.27
11,2022-10-31,226.84
11,2022-11-01,18.76
11,2022-11-02,10.74
11,2022-11-03,71.52
11,2022-11-04,166.08
11,2022-11-05,26.81
11,2022-11-06,168.58
11,2022-11-07,21.4
11,2022-11-08,192.59
11,2022-11-09,111.23
11,2022-11-10,213.99
11,2022-11-11,54.51
11,2022-11-12,8.49
11,2022-11-13,34.01
11,2022-11-14,15.47
11,2022-11-15,111.46
11,2022-11-16,8.46
11,2022-11-17,169.49
11,2022-11-18,48.9
11,2022-11-19,292.18
11,2022-11-20,226.81
11,2022-11-21,15.62
11,2022-11-22,20.01
11,2022-11-23,67.47
11,2022-11-24,185.12
11,2022-11-25,10.14
11,2022-11-26,6.6
11,2022-11-27,206.48
11,2022-11-28,175.28
11,2022-11-29,86.67
11,2022-11-30,284.43
11,2022-12-01,69.93
11,2022-12-02,22.19
11,2022-12-03,100.96
11,2022-12-04,87.6
11,2022-12-05,113.9
11,2022-12-06,291.87
11,2022-12-07,37.1
11,2022-12-08,153.93
11,2022-12-09,147.62
11,2022-12-10,20.79
11,2022-12-11,112.61
11,2022-12-12,58.69
11,2022-12-13,115.65
11,2022-12-14,69.19
11,2022-12-15,6.04
11,2022-12-16,14.22
11,2022-12-17,0.14
11,2022-12-18,38.5
11,2022-12-19,60.7
11,2022-12-20,133.82
11,2022-12-21,0.93
11,2022-12-22,58.5
11,2022-12-23,3.76
11,2022-12-24,45.54
11,2022-12-25,37.72
11,2022-12-26,146.56
11,2022-12-27,22.62
11,2022-12-28,72.58
11,2022-12-29,16.62
11,2022-12-30,37.59
11,2022-12-31,94.19
12,2022-06-01,62.2
12,2022-06-02,63.43
12,2022-06-03,103.59
12,2022-06-04,61.72
12,2022-06-05,84.35
12,2022-06-06,6.16
12,2022-06-07,88.83
12,2022-06-08,1.59
12,2022-06-09,40.4
12,2022-06-10,206.26
12,2022-06-11,147.43
12,2022-06-12,38.58
12,2022-06-13,209.71
12,2022-06-14,18.52
12,2022-06-15,10.24
12,2022-06-16,19.62
12,2022-06-17,58.8
12,2022-06-18,50.36
12,2022-06-19,7.81
12,2022-06-20,16.49
12,2022-06-21,13.18
12,2022-06-22,22.22
12,2022-06-23,21.16
12,2022-06-24,12.1
12,2022-06-25,30.05
12,2022-06-26,181.77
12,2022-06-27,29.74
12,2022-06-28,77.14
12,2022-06-29,486.65
12,2022-06-30,19.34
12,2022-07-01,30.29
12,2022-07-02,16.35
12,2022-07-03,99.78
12,2022-07-04,141.37
12,2022-07-05,125.9
12,2022-07-06,60.22
12,2022-07-07,64.74
12,2022-07-08,44.64
12,2022-07-09,42.39
12,2022-07-10,45.64
12,2022-07-11,12.61
12,2022-07-12,11.73
12,2022-07-13,63.23
12,2022-07-14,30.93
12,2022-07-15,57.17
12,2022-07-16,49.09
12,2022-07-17,20.16
12,2022-07-18,133.81
12,2022-07-19,172.89
12,2022-07-20,9.6
12,2022-07-21,103.69
12,2022-07-22,9.43
12,2022-07-23,17.83
12,2022-07-24,18.61
12,2022-07-25,37.47
12,2022-07-26,23.46
12,2022-07-27,514.94
12,2022-07-28,9.5
12,2022-07-29,119.03
12,2022-07-30,70.02
12,2022-07-31,78.34
12,2022-08-01,7.55
12,2022-08-02,188.39
12,2022-08-03,145.52
12,2022-08-04,4.52
12,2022-08-05,197.05
12,2022-08-06,12.38
12,2022-08-07,269.65
12,2022-08-08,1.46
12,2022-08-09,319.11
12,2022-08-10,59.32
12,2022-08-11,6.17
12,2022-08-12,111.11
12,2022-08-13,71.24
12,2022-08-14,74.37
12,2022-08-15,75.54
12,2022-08-16,68.77
12,2022-08-17,10.93
12,2022-08-18,88.59
12,2022-08-19,36.84
12,2022-08-20,24.76
12,2022-08-21,8.99
12,2022-08-22,27.92
12,2022-08-23,244.95
12,2022-08-24,112.06
12,2022-08-25,13.92
12,2022-08-26,339.3
12,2022-08-27,21.23
12,2022-08-28,82.43
12,2022-08-29,147.07
12,2022-08-30,13.38
12,2022-08-31,27.38
12,2022-09-01,248.92
12,2022-09-02,8.64
12,2022-09-03,26.23
12,2022-09-04,130.91
12,2022-09-05,49.08
12,2022-09-06,13.74
12,2022-09-07,2.31
12,2022-09-08,188.97
12,2022-09-09,98.22
12,2022-09-10,14.98
12,2022-09-11,185.68
12,2022-09-12,237.56
12,2022-09-13,71.68
12,2022-09-14,45.08
12,2022-09-15,297.68
12,2022-09-16,89.46
12,2022-09-17,219.01
12,2022-09-18,8.23
12,2022-09-19,17.4
12,2022-09-20,130.38
12,2022-09-21,32.7
12,2022-09-22,81.34
12,2022-09-23,166.78
12,2022-09-24,22.96
12,2022-09-25,227.89
12,2022-09-26,50.73
12,2022-09-27,80.52
12,2022-09-28,17.52
12,2022-09-29,53.04
12,2022-09-30,4.03
12,2022-10-01,238.9
12,2022-10-02,25.67
12,2022-10-03,67.14
12,2022-10-04,97.46
12,2022-10-05,30.72
12,2022-10-06,48.6
12,2022-10-07,7.79
12,2022-10-08,2.55
12,2022-10-09,98.32
12,2022-10-10,191.57
12,2022-10-11,57.65
12,2022-10-12,59.36
12,2022-10-13,132.85
12,2022-10-14,304.18
12,2022-10-15,120.62
12,2022-10-16,33.42
12,2022-10-17,13.77
12,2022-10-18,173.37
12,2022-10-19,118.18
12,2022-10-20,232.18
12,2022-10-21,10.44
12,2022-10-22,122.99
12,2022-10-23,36.31
12,2022-10-24,133.39
12,2022-10-25,32.53
12,2022-10-26,126.35
12,2022-10-27,2.8
12,2022-10-28,39.38
12,2022-10-29,38.58
12,2022-10-30,21.25
12,2022-10-31,851.43
12,2022-11-01,1.53
12,2022-11-02,25.22
12,2022-11-03,21.19
12,2022-11-04,18.69
12,2022-11-05,64.82
12,2022-11-06,7.03
12,2022-11-07,36.29
12,2022-11-08,120.45
12,2022-11-09,173.08
12,2022-11-10,7.1
12,2022-11-11,94.37
12,2022-11-12,72.84
12,2022-11-13,36.77
12,2022-11-14,30.8
12,2022-11-15,95.12
12,2022-11-16,222.57
12,2022-11-17,14.43
12,2022-11-18,57.17
12,2022-11-19,4.58
12,2022-11-20,59.35
12,2022-11-21,47.05
12,2022-11-22,21.13
12,2022-11-23,28.65
12,2022-11-24,23.56
12,2022-11-25,103.23
12,2022-11-26,3.77
12,2022-11-27,198.34
12,2022-11-28,61.18
12,2022-11-29,70.88
12,2022-11-30,17.59
12,2022-12-01,100.83
12,2022-12-02,73.15
12,2022-12-03,186.75
12,2022-12-04,103.27
12,2022-12-05,208.35
12,2022-12-06,60.18
12,2022-12-07,78.43
12,2022-12-08,129.69
12,2022-12-09,135.97
12,2022-12-10,102.22
12,2022-12-11,37.03
12,2022-12-12,90.27
12,2022-12-13,142.03
12,2022-12-14,123.08
12,2022-12-15,15.32
12,2022-12-16,16.39
12,2022-12-17,94.94
12,2022-12-18,14.97
12,2022-12-19,81.03
12,2022-12-20,129.94
12,2022-12-21,69.48
12,2022-12-22,31.97
12,2022-12-23,191.76
12,2022-12-24,104.77
12,2022-12-25,217.12
12,2022-12-26,91.82
12,2022-12-27,1.16
12,2022-12-28,341.43
12,2022-12-29,45.89
12,2022-12-30,32.81
12,2022-12-31,181.6
13,2022-06-01,34.96
13,2022-06-02,60.64
13,2022-06-03,14.23
13,2022-06-04,41.08
13,2022-06-05,88.29
13,2022-06-06,18.41
13,2022-06-07,8.55
13,2022-06-08,80.78
13,2022-06-09,30.78
13,2022-06-10,33.8
13,2022-06-11,81.09
13,2022-06-12,52.5
13,2022-06-13,36.58
13,2022-06-14,49.21
13,2022-06-15,96.61
13,2022-06-16,31.03
13,2022-06-17,91.85
13,2022-06-18,1.92
13,2022-06-19,29.76
13,2022-06-20,76.62
13,2022-06-21,69.45
13,2022-06-22,8.86
13,2022-06-23,45.65
13,2022-06-24,39.2
13,2022-06-25,3.31
13,2022-06-26,69.93
13,2022-06-27,19.96
13,2022-06-28,138.31
13,2022-06-29,41.52
13,2022-06-30,189.15
13,2022-07-01,27.97
13,2022-07-02,63.96
13,2022-07-03,26.13
13,2022-07-04,54.95
13,2022-07-05,35.7
13,2022-07-06,108.76
13,2022-07-07,78.68
13,2022-07-08,3.47
13,2022-07-09,79.84
13,2022-07-10,5.55
13,2022-07-11,41.45
13,2022-07-12,72.56
13,2022-07-13,82.37
13,2022-07-14,62.22
13,2022-07-15,86.32
13,2022-07-16,43.63
13,2022-07-17,83.82
13,2022-07-18,0.01
13,2022-07-19,26.0
13,2022-07-20,12.76
13,2022-07-21,22.63
13,2022-07-22,14.22
13,2022-07-23,16.63
13,2022-07-24,65.3
13,2022-07-25,25.58
13,2022-07-26,1.7
13,2022-07-27,104.38
13,2022-07-28,37.29
13,2022-07-29,26.09
13,2022-07-30,7.65
13,2022-07-31,102.13
13,2022-08-01,13.42
13,2022-08-02,118.62
13,2022-08-03,85.44
13,2022-08-04,11.96
13,2022-08-05,17.3
13,2022-08-06,26.69
13,2022-08-07,33.26
13,2022-08-08,51.15
13,2022-08-09,48.16
13,2022-08-10,7.24
13,2022-08-11,27.69
13,2022-08-12,65.56
13,2022-08-13,84.87
13,2022-08-14,3.21
13,2022-08-15,102.87
13,2022-08-16,70.57
13,2022-08-17,36.52
13,2022-08-18,9.72
13,2022-08-19,76.8
13,2022-08-20,15.64
13,2022-08-21,0.44
13,2022-08-22,5.39
13,2022-08-23,120.2
13,2022-08-24,136.53
13,2022-08-25,122.45
13,2022-08-26,51.6
13,2022-08-27,48.45
13,2022-08-28,30.4
13,2022-08-29,76.11
13,2022-08-30,40.31
13,2022-08-31,53.66
13,2022-09-01,12.01
13,2022-09-02,4.06
13,2022-09-03,20.86
13,2022-09-04,3.4
13,2022-09-05,16.15
13,2022-09-06,0.65
13,2022-09-07,155.79
13,2022-09-08,11.1
13,2022-09-09,98.51
13,2022-09-10,20.1
13,2022-09-11,32.75
13,2022-09-12,87.76
13,2022-09-13,4.44
13,2022-09-14,20.58
13,2022-09-15,44.3
13,2022-09-16,23.9
13,2022-09-17,13.83
13,2022-09-18,25.0
13,2022-09-19,118.62
13,2022-09-20,89.77
13,2022-09-21,47.47
13,2022-09-22,48.81
13,2022-09-23,30.95
13,2022-09-24,33.34
13,2022-09-25,34.22
13,2022-09-26,53.04
13,2022-09-27,85.17
13,2022-09-28,50.98
13,2022-09-29,43.64
13,2022-09-30,147.86
13,2022-10-01,44.22
13,2022-10-02,36.11
13,2022-10-03,9.81
13,2022-10-04,40.29
13,2022-10-05,31.66
13,2022-10-06,0.86
13,2022-10-07,5.12
13,2022-10-08,100.87
13,2022-10-09,30.86
13,2022-10-10,19.68
13,2022-10-11,13.21
13,2022-10-12,78.07
13,2022-10-13,18.63
13,2022-10-14,91.28
13,2022-10-15,2.64
13,2022-10-16,33.28
13,2022-10-17,167.25
13,2022-10-18,21.55
13,2022-10-19,98.88
13,2022-10-20,74.0
13,2022-10-21,131.49
13,2022-10-22,4.14
13,2022-10-23,32.33
13,2022-10-24,77.08
13,2022-10-25,102.43
13,2022-10-26,18.53
13,2022-10-27,25.6
13,2022-10-28,4.8
13,2022-10-29,29.45
13,2022-10-30,52.88
13,2022-10-31,2.71
13,2022-11-01,12.7
13,2022-11-02,59.43
13,2022-11-03,39.58
13,2022-11-04,81.67
13,2022-11-05,17.0
13,2022-11-06,49.12
13,2022-11-07,21.96
13,2022-11-08,12.75
13,2022-11-09,48.66
13,2022-11-10,35.23
13,2022-11-11,27.43
13,2022-11-12,84.21
13,2022-11-13,15.16
13,2022-11-14,35.59
13,2022-11-15,15.62
13,2022-11-16,95.42
13,2022-11-17,45.86
13,2022-11-18,12.57
13,2022-11-19,54.94
13,2022-11-20,1.84
13,2022-11-21,16.3
13,2022-11-22,154.76
13,2022-11-23,13.61
13,2022-11-24,22.25
13,2022-11-25,84.72
13,2022-11-26,8.32
13,2022-11-27,13.45
13,2022-11-28,24.3
13,2022-11-29,15.22
13,2022-11-30,1.67
13,2022-12-01,22.2
13,2022-12-02,14.44
13,2022-12-03,57.04
13,2022-12-04,218.11
13,2022-12-05,40.58
13,2022-12-06,27.46
13,2022-12-07,13.02
13,2022-12-08,68.17
13,2022-12-09,107.54
13,2022-12-10,49.69
13,2022-12-11,63.9
13,2022-12-12,50.51
13,2022-12-13,12.91
13,2022-12-14,101.82
13,2022-12-15,10.81
13,2022-12-16,41.03
13,2022-12-17,8.13
13,2022-12-18,32.63
13,2022-12-19,52.63
13,2022-12-20,52.53
13,2022-12-21,6.28
13,2022-12-22,5.66
13,2022-12-23,27.79
13,2022-12-24,61.48
13,2022-12-25,61.86
13,2022-12-26,41.92
13,2022-12-27,26.71
13,2022-12-28,44.22
13,2022-12-29,90.28
13,2022-12-30,5.26
13,2022-12-31,87.31
14,2022-06-01,224.12
14,2022-06-02,2.3
14,2022-06-03,13.4
14,2022-06-04,9.7
14,2022-06-05,2.75
14,2022-06-06,110.46
14,2022-06-07,268.65
14,2022-06-08,59.78
14,2022-06-09,82.03
14,2022-06-10,76.39
14,2022-06-11,0.7
14,2022-06-12,384.77
14,2022-06-13,17.52
14,2022-06-14,137.61
14,2022-06-15,116.81
14,2022-06-16,167.78
14,2022-06-17,0.07
14,2022-06-18,199.93
14,2022-06-19,1.46
14,2022-06-20,45.76
14,2022-06-21,62.3
14,2022-06-22,136.15
14,2022-06-23,101.57
14,2022-06-24,174.84
14,2022-06-25,91.59
14,2022-06-26,27.95
14,2022-06-27,64.45
14,2022-06-28,99.41
14,2022-06-29,127.1
14,2022-06-30,17.59
14,2022-07-01,12.45
14,2022-07-02,492.93
14,2022-07-03,25.01
14,2022-07-04,138.42
14,2022-07-05,1.25
14,2022-07-06,292.72
14,2022-07-07,22.13
14,2022-07-08,37.75
14,2022-07-09,273.49
14,2022-07-10,41.84
14,2022-07-11,234.64
14,2022-07-12,23.07
14,2022-07-13,26.36
14,2022-07-14,97.63
14,2022-07-15,136.51
14,2022-07-16,88.03
14,2022-07-17,27.17
14,2022-07-18,132.48
14,2022-07-19,131.72
14,2022-07-20,129.41
14,2022-07-21,9.05
14,2022-07-22,116.82
14,2022-07-23,12.12
14,2022-07-24,44.77
14,2022-07-25,102.56
14,2022-07-26,392.62
14,2022-07-27,474.67
14,2022-07-28,62.1
14,2022-07-29,52.41
14,2022-07-30,28.52
14,2022-07-31,88.54
14,2022-08-01,28.75
14,2022-08-02,363.45
14,2022-08-03,148.08
14,2022-08-04,30.46
14,2022-08-05,35.58
14,2022-08-06,97.5
14,2022-08-07,62.85
14,2022-08-08,104.21
14,2022-08-09,17.79
14,2022-08-10,1.24
14,2022-08-11,12.34
14,2022-08-12,15.7
14,2022-08-13,93.16
14,2022-08-14,57.68
14,2022-08-15,100.2
14,2022-08-16,69.56
14,2022-08-17,59.27
14,2022-08-18,70.16
14,2022-08-19,159.22
14,2022-08-20,21.0
14,2022-08-21,62.3
14,2022-08-22,79.31
14,2022-08-23,19.5
14,2022-08-24,88.18
14,2022-08-25,25.9
14,2022-08-26,98.35
14,2022-08-27,48.24
14,2022-08-28,4.29
14,2022-08-29,125.65
14,2022-08-30,80.32
14,2022-08-31,322.56
14,2022-09-01,5.36
14,2022-09-02,9.13
14,2022-09-03,51.89
14,2022-09-04,27.23
14,2022-09-05,12.96
14,2022-09-06,180.48
14,2022-09-07,16.63
14,2022-09-08,184.7
14,2022-09-09,9.54
14,2022-09-10,13.7
14,2022-09-11,6.49
14,2022-09-12,87.94
14,2022-09-13,114.8
14,2022-09-14,46.92
14,2022-09-15,81.51
14,2022-09-16,69.72
14,2022-09-17,429.36
14,2022-09-18,19.24
14,2022-09-19,63.3
14,2022-09-20,89.39
14,2022-09-21,46.87
14,2022-09-22,160.82
14,2022-09-23,11.8
14,2022-09-24,49.23
14,2022-09-25,2.71
14,2022-09-26,84.27
14,2022-09-27,274.76
14,2022-09-28,17.55
14,2022-09-29,98.43
14,2022-09-30,8.31
14,2022-10-01,46.43
14,2022-10-02,379.36
14,2022-10-03,44.5
14,2022-10-04,90.3
14,2022-10-05,129.88
14,2022-10-06,74.72
14,2022-10-07,113.71
14,2022-10-08,277.41
14,2022-10-09,112.99
14,2022-10-10,42.6
14,2022-10-11,126.79
14,2022-10-12,69.03
14,2022-10-13,91.46
14,2022-10-14,59.9
14,2022-10-15,142.32
14,2022-10-16,73.22
14,2022-10-17,73.7
14,2022-10-18,37.75
14,2022-10-19,88.72
14,2022-10-20,106.08
14,2022-10-21,50.74
14,2022-10-22,26.54
14,2022-10-23,55.75
14,2022-10-24,42.55
14,2022-10-25,295.02
14,2022-10-26,92.26
14,2022-10-27,51.55
14,2022-10-28,132.57
14,2022-10-29,110.3
14,2022-10-30,0.31
14,2022-10-31,41.99
14,2022-11-01,15.25
14,2022-11-02,110.36
14,2022-11-03,16.94
14,2022-11-04,220.39
14,2022-11-05,68.69
14,2022-11-06,10.0
14,2022-11-07,160.15
14,2022-11-08,98.5
14,2022-11-09,16.72
14,2022-11-10,103.53
14,2022-11-11,194.05
14,2022-11-12,119.96
14,2022-11-13,16.1
14,2022-11-14,120.49
14,2022-11-15,223.19
14,2022-11-16,13.37
14,2022-11-17,165.51
14,2022-11-18,26.08
14,2022-11-19,38.05
14,2022-11-20,55.76
14,2022-11-21,9.53
14,2022-11-22,137.64
14,2022-11-23,18.79
14,2022-11-24,17.6
14,2022-11-25,217.77
14,2022-11-26,67.84
14,2022-11-27,73.3
14,2022-11-28,55.11
14,2022-11-29,105.33
14,2022-11-30,25.96
14,2022-12-01,22.65
14,2022-12-02,97.01
14,2022-12-03,381.1
14,2022-12-04,50.67
14,2022-12-05,101.32
14,2022-12-06,104.52
14,2022-12-07,253.33
14,2022-12-08,101.48
14,2022-12-09,36.91
14,2022-12-10,58.12
14,2022-12-11,144.96
14,2022-12-12,3.55
14,2022-12-13,87.11
14,2022-12-14,303.25
14,2022-12-15,55.34
14,2022-12-16,21.7
14,2022-12-17,5.37
14,2022-12-18,26.74
14,2022-12-19,134.99
14,2022-12-20,68.02
14,2022-12-21,174.32
14,2022-12-22,156.84
14,2022-12-23,74.18
14,2022-12-24,195.51
14,2022-12-25,17.78
14,2022-12-26,45.21
14,2022-12-27,37.95
14,2022-12-28,65.01
14,2022-12-29,64.6
14,2022-12-30,135.2
14,2022-12-31,20.83
15,2022-06-01,321.61
15,2022-06-02,9.71
15,2022-06-03,265.75
15,2022-06-04,63.95
15,2022-06-05,363.51
15,2022-06-06,44.55
15,2022-06-07,36.86
15,2022-06-08,120.39
15,2022-06-09,160.0
15,2022-06-10,16.58
15,2022-06-11,39.63
15,2022-06-12,103.15
15,2022-06-13,49.53
15,2022-06-14,207.18
15,2022-06-15,219.44
15,2022-06-16,66.32
15,2022-06-17,433.95
15,2022-06-18,100.65
15,2022-06-19,190.7
15,2022-06-20,82.3
15,2022-06-21,95.04
15,2022-06-22,187.4
15,2022-06-23,11.8
15,2022-06-24,4.9
15,2022-06-25,114.24
15,2022-06-26,195.48
15,2022-06-27,83.33
15,2022-06-28,169.14
15,2022-06-29,56.45
15,2022-06-30,286.32
15,2022-07-01,13.35
15,2022-07-02,90.4
15,2022-07-03,97.3
15,2022-07-04,54.65
15,2022-07-05,117.31
15,2022-07-06,21.87
15,2022-07-07,98.31
15,2022-07-08,110.63
15,2022-07-09,19.24
15,2022-07-10,25.33
15,2022-07-11,121.11
15,2022-07-12,108.88
15,2022-07-13,450.91
15,2022-07-14,130.31
15,2022-07-15,4.96
15,2022-07-16,16.66
15,2022-07-17,86.54
15,2022-07-18,6.33
15,2022-07-19,14.05
15,2022-07-20,20.22
15,2022-07-21,57.0
15,2022-07-22,160.63
15,2022-07-23,206.81
15,2022-07-24,65.33
15,2022-07-25,245.15
15,2022-07-26,339.06
15,2022-07-27,19.72
15,2022-07-28,384.22
15,2022-07-29,369.52
15,2022-07-30,212.41
15,2022-07-31,29.1
15,2022-08-01,70.53
15,2022-08-02,232.28
15,2022-08-03,111.52
15,2022-08-04,236.25
15,2022-08-05,40.35
15,2022-08-06,434.42
15,2022-08-07,234.08
15,2022-08-08,110.43
15,2022-08-09,20.0
15,2022-08-10,13.97
15,2022-08-11,330.68
15,2022-08-12,26.39
15,2022-08-13,74.13
15,2022-08-14,36.8
15,2022-08-15,549.98
15,2022-08-16,157.73
15,2022-08-17,40.87
15,2022-08-18,2.62
15,2022-08-19,4.97
15,2022-08-20,719.67
15,2022-08-21,24.76
15,2022-08-22,413.81
15,2022-08-23,185.8
15,2022-08-24,86.23
15,2022-08-25,54.75
15,2022-08-26,128.14
15,2022-08-27,668.39
15,2022-08-28,28.05
15,2022-08-29,4.35
15,2022-08-30,39.91
15,2022-08-31,182.24
15,2022-09-01,182.89
15,2022-09-02,19.32
15,2022-09-03,19.23
15,2022-09-04,43.53
15,2022-09-05,135.21
15,2022-09-06,293.99
15,2022-09-07,214.77
15,2022-09-08,118.1
15,2022-09-09,210.76
15,2022-09-10,88.54
15,2022-09-11,152.56
15,2022-09-12,10.76
15,2022-09-13,47.16
15,2022-09-14,305.37
15,2022-09-15,5.88
15,2022-09-16,3.43
15,2022-09-17,122.04
15,2022-09-18,223.03
15,2022-09-19,479.51
15,2022-09-20,80.77
15,2022-09-21,277.48
15,2022-09-22,210.26
15,2022-09-23,5.5
15,2022-09-24,51.59
15,2022-09-25,36.35
15,2022-09-26,20.96
15,2022-09-27,226.93
15,2022-09-28,104.88
15,2022-09-29,249.75
15,2022-09-30,103.2
15,2022-10-01,161.69
15,2022-10-02,108.75
15,2022-10-03,607.31
15,2022-10-04,41.4
15,2022-10-05,224.25
15,2022-10-06,89.62
15,2022-10-07,110.16
15,2022-10-08,83.59
15,2022-10-09,43.41
15,2022-10-10,133.78
15,2022-10-11,106.61
15,2022-10-12,12.77
15,2022-10-13,16.56
15,2022-10-14,23.72
15,2022-10-15,123.86
15,2022-10-16,12.75
15,2022-10-17,20.2
15,2022-10-18,175.95
15,2022-10-19,42.68
15,2022-10-20,12.08
15,2022-10-21,209.5
15,2022-10-22,84.21
15,2022-10-23,231.04
15,2022-10-24,17.71
15,2022-10-25,80.82
15,2022-10-26,279.53
15,2022-10-27,182.69
15,2022-10-28,246.4
15,2022-10-29,390.94
15,2022-10-30,99.08
15,2022-10-31,162.85
15,2022-11-01,357.63
15,2022-11-02,50.01
15,2022-11-03,1.0
15,2022-11-04,184.87
15,2022-11-05,120.89
15,2022-11-06,33.01
15,2022-11-07,223.49
15,2022-11-08,50.96
15,2022-11-09,375.49
15,2022-11-10,581.34
15,2022-11-11,115.71
15,2022-11-12,190.5
15,2022-11-13,17.4
15,2022-11-14,63.27
15,2022-11-15,377.96
15,2022-11-16,31.48
15,2022-11-17,51.25
15,2022-11-18,258.88
15,2022-11-19,290.71
15,2022-11-20,329.16
15,2022-11-21,56.65
15,2022-11-22,5.08
15,2022-11-23,150.11
15,2022-11-24,10.91
15,2022-11-25,257.24
15,2022-11-26,36.0
15,2022-11-27,65.98
15,2022-11-28,216.65
15,2022-11-29,79.47
15,2022-11-30,36.13
15,2022-12-01,39.08
15,2022-12-02,333.84
15,2022-12-03,226.7
15,2022-12-04,386.56
15,2022-12-05,277.54
15,2022-12-06,68.19
15,2022-12-07,361.07
15,2022-12-08,125.88
15,2022-12-09,400.63
15,2022-12-10,30.33
15,2022-12-11,161.14
15,2022-12-12,89.07
15,2022-12-13,27.27
15,2022-12-14,4.83
15,2022-12-15,1.95
15,2022-12-16,43.03
15,2022-12-17,470.17
15,2022-12-18,107.8
15,2022-12-19,287.92
15,2022-12-20,1.56
15,2022-12-21,12.79
15,2022-12-22,95.85
15,2022-12-23,19.53
15,2022-12-24,162.27
15,2022-12-25,319.28
15,2022-12-26,59.1
15,2022-12-27,405.14
15,2022-12-28,281.84
15,2022-12-29,496.94
15,2022-12-30,72.8
15,2022-12-31,19.81
16,2022-06-01,56.58
16,2022-06-02,87.56
16,2022-06-03,33.84
16,2022-06-04,157.03
16,2022-06-05,5.37
16,2022-06-06,402.65
16,2022-06-07,55.33
16,2022-06-08,15.91
16,2022-06-09,44.1
16,2022-06-10,47.8
16,2022-06-11,268.98
16,2022-06-12,293.08
16,2022-06-13,64.93
16,2022-06-14,4.24
16,2022-06-15,98.36
16,2022-06-16,116.74
16,2022-06-17,581.52
16,2022-06-18,32.36
16,2022-06-19,49.12
16,2022-06-20,201.87
16,2022-06-21,11.85
16,2022-06-22,124.49
16,2022-06-23,169.57
16,2022-06-24,35.28
16,2022-06-25,34.22
16,2022-06-26,394.97
16,2022-06-27,0.59
16,2022-06-28,133.09
16,2022-06-29,331.35
16,2022-06-30,31.98
16,2022-07-01,161.04
16,2022-07-02,515.23
16,2022-07-03,197.64
16,2022-07-04,14.15
16,2022-07-05,10.56
16,2022-07-06,175.44
16,2022-07-07,49.03
16,2022-07-08,14.77
16,2022-07-09,153.24
16,2022-07-10,75.75
16,2022-07-11,0.97
16,2022-07-12,195.24
16,2022-07-13,310.35
16,2022-07-14,53.87
16,2022-07-15,32.89
16,2022-07-16,339.23
16,2022-07-17,328.51
16,2022-07-18,151.43
16,2022-07-19,294.69
16,2022-07-20,141.36
16,2022-07-21,123.18
16,2022-07-22,197.35
16,2022-07-23,63.09
16,2022-07-24,234.75
16,2022-07-25,31.86
16,2022-07-26,46.55
16,2022-07-27,109.68
16,2022-07-28,0.95
16,2022-07-29,148.77
16,2022-07-30,54.77
16,2022-07-31,108.96
16,2022-08-01,6.87
16,2022-08-02,102.72
16,2022-08-03,176.71
16,2022-08-04,51.9
16,2022-08-05,73.54
16,2022-08-06,43.77
16,2022-08-07,97.57
16,2022-08-08,17.34
16,2022-08-09,107.05
16,2022-08-10,245.41
16,2022-08-11,74.54
16,2022-08-12,142.04
16,2022-08-13,20.05
16,2022-08-14,73.46
16,2022-08-15,83.52
16,2022-08-16,44.26
16,2022-08-17,3.35
16,2022-08-18,69.98
16,2022-08-19,23.92
16,2022-08-20,9.4
16,2022-08-21,188.54
16,2022-08-22,224.48
16,2022-08-23,27.98
16,2022-08-24,267.92
16,2022-08-25,142.73
16,2022-08-26,17.45
16,2022-08-27,29.87
16,2022-08-28,123.02
16,2022-08-29,429.25
16,2022-08-30,107.2
16,2022-08-31,8.2
16,2022-09-01,432.38
16,2022-09-02,106.72
16,2022-09-03,245.62
16,2022-09-04,78.8
16,2022-09-05,147.74
16,2022-09-06,231.47
16,2022-09-07,172.95
16,2022-09-08,108.04
16,2022-09-09,62.7
16,2022-09-10,4.83
16,2022-09-11,62.55
16,2022-09-12,39.98
16,2022-09-13,56.07
16,2022-09-14,93.83
16,2022-09-15,635.8
16,2022-09-16,190.38
16,2022-09-17,158.75
16,2022-09-18,269.29
16,2022-09-19,160.27
16,2022-09-20,2.77
16,2022-09-21,306.77
16,2022-09-22,22.75
16,2022-09-23,31.28
16,2022-09-24,254.0
16,2022-09-25,217.25
16,2022-09-26,202.47
16,2022-09-27,39.61
16,2022-09-28,306.71
16,2022-09-29,214.06
16,2022-09-30,233.13
16,2022-10-01,176.36
16,2022-10-02,158.07
16,2022-10-03,138.51
16,2022-10-04,106.79
16,2022-10-05,5.28
16,2022-10-06,13.39
16,2022-10-07,35.36
16,2022-10-08,318.79
16,2022-10-09,74.04
16,2022-10-10,187.35
16,2022-10-11,233.09
16,2022-10-12,215.9
16,2022-10-13,73.67
16,2022-10-14,4.68
16,2022-10-15,56.04
16,2022-10-16,123.12
16,2022-10-17,54.35
16,2022-10-18,7.79
16,2022-10-19,1.38
16,2022-10-20,48.33
16,2022-10-21,96.54
16,2022-10-22,91.76
16,2022-10-23,255.79
16,2022-10-24,78.55
16,2022-10-25,172.93
16,2022-10-26,399.0
16,2022-10-27,102.83
16,2022-10-28,519.61
16,2022-10-29,398.58
16,2022-10-30,168.34
16,2022-10-31,220.17
16,2022-11-01,6.14
16,2022-11-02,139.58
16,2022-11-03,162.75
16,2022-11-04,195.17
16,2022-11-05,40.01
16,2022-11-06,123.67
16,2022-11-07,10.72
16,2022-11-08,434.5
16,2022-11-09,152.67
16,2022-11-10,97.46
16,2022-11-11,815.77
16,2022-11-12,7.62
16,2022-11-13,369.79
16,2022-11-14,53.12
16,2022-11-15,269.83
16,2022-11-16,343.7
16,2022-11-17,22.61
16,2022-11-18,202.88
16,2022-11-19,117.86
16,2022-11-20,69.03
16,2022-11-21,73.24
16,2022-11-22,146.71
16,2022-11-23,335.94
16,2022-11-24,70.95
16,2022-11-25,237.37
16,2022-11-26,4.44
16,2022-11-27,117.65
16,2022-11-28,168.01
16,2022-11-29,22.13
16,2022-11-30,276.59
16,2022-12-01,428.52
16,2022-12-02,2.35
16,2022-12-03,159.39
16,2022-12-04,431.42
16,2022-12-05,9.68
16,2022-12-06,80.31
16,2022-12-07,93.32
16,2022-12-08,71.86
16,2022-12-09,185.32
16,2022-12-10,180.68
16,2022-12-11,5.64
16,2022-12-12,25.08
16,2022-12-13,373.57
16,2022-12-14,39.45
16,2022-12-15,191.96
16,2022-12-16,6.3
16,2022-12-17,32.26
16,2022-12-18,53.23
16,2022-12-19,247.96
16,2022-12-20,346.08
16,2022-12-21,110.21
16,2022-12-22,476.12
16,2022-12-23,76.1
16,2022-12-24,78.33
16,2022-12-25,123.66
16,2022-12-26,179.97
16,2022-12-27,270.0
16,2022-12-28,260.93
16,2022-12-29,663.61
16,2022-12-30,0.26
16,2022-12-31,79.07
